<?xml version="1.0"?>
<config>
<tabs>
	<cmsmart translate="label" module="videogallery">
		<label>Cmsmart Extensions</label>
		<sort_order>110</sort_order>
	</cmsmart>
</tabs>
<sections>
	<videogallery translate="label" module="videogallery">                    
		<label>Media Gallery And Product Video</label>
		<tab>cmsmart</tab>
		<frontend_type>text</frontend_type>
		<sort_order>0</sort_order>
		<show_in_default>1</show_in_default>
		<show_in_website>1</show_in_website>
		<show_in_store>1</show_in_store>
		<groups>
		   <videogallery_gallery translate="label">
				  <label>Manage Media Gallery</label>
					<sort_order>100</sort_order>
					<show_in_default>1</show_in_default>
					<show_in_website>1</show_in_website>
					<show_in_store>1</show_in_store>
					<fields>
						<enabled translate="label">
                            <label>Enabled</label>
                            <frontend_type>select</frontend_type>
                            <source_model>adminhtml/system_config_source_yesno</source_model>
                            <sort_order>10</sort_order>
                            <show_in_default>1</show_in_default>
                            <show_in_website>1</show_in_website>
                            <show_in_store>1</show_in_store>
                        </enabled>
					</fields>
                    
                    <fields>
						<number translate="label">
                            <label>Number of video</label>
                            <frontend_type>text</frontend_type>                            
                            <sort_order>20</sort_order>
                            <show_in_default>1</show_in_default>
                            <show_in_website>1</show_in_website>
                            <show_in_store>1</show_in_store>
                        </number>
					</fields>
                    
                    <fields>
						<mainvideo translate="label">
                            <label>Size of main video</label>
                            <comment> Ex: 200x100 (width: 200px, height: 100px)</comment>
                            <frontend_type>text</frontend_type>                            
                            <sort_order>30</sort_order>
                            <show_in_default>1</show_in_default>
                            <show_in_website>1</show_in_website>
                            <show_in_store>1</show_in_store>
                        </mainvideo>
					</fields>
                    
                    <fields>
						<listvideo translate="label">
                            <label>Size of list video</label>
                            <comment> Ex: 100x50 (width: 100px, height: 50px)</comment>
                            <frontend_type>text</frontend_type>                            
                            <sort_order>40</sort_order>
                            <show_in_default>1</show_in_default>
                            <show_in_website>1</show_in_website>
                            <show_in_store>1</show_in_store>
                        </listvideo>
					</fields>
                    
                    <fields>
						<sort translate="label">
                            <label>Sort by</label>                            
                            <frontend_type>select</frontend_type>   
                            <source_model>videogallery/source_SortBy</source_model>                         
                            <sort_order>50</sort_order>
                            <show_in_default>1</show_in_default>
                            <show_in_website>1</show_in_website>
                            <show_in_store>1</show_in_store>
                        </sort>
					</fields>
                    
                    <fields>
						<order translate="label">
                            <label>Order</label>                            
                            <frontend_type>select</frontend_type>   
                            <source_model>videogallery/source_Order</source_model>                         
                            <sort_order>60</sort_order>
                            <show_in_default>1</show_in_default>
                            <show_in_website>1</show_in_website>
                            <show_in_store>1</show_in_store>
                        </order>
					</fields>
                    
                    <fields>
						<style translate="label">
                            <label>List style</label>                            
                            <frontend_type>select</frontend_type>   
                            <source_model>videogallery/source_Style</source_model>                         
                            <sort_order>70</sort_order>
                            <show_in_default>1</show_in_default>
                            <show_in_website>1</show_in_website>
                            <show_in_store>1</show_in_store>
                        </style>
					</fields>
                    
                    
                    
		   </videogallery_gallery> 
		</groups>
	</videogallery>
</sections>
</config>
