<root>
   <blocks>
      <cms_block>
         <title>block_header_links_upper</title>
         <identifier>block_header_links_upper</identifier>
         <content><![CDATA[
         <p>So Sweet, So Good <br /><span>Sure to bring smiles</span></p>
		 ]]>
		 </content>
         <is_active>1</is_active>
         <stores><item>0</item></stores>
      </cms_block>
      
      
      <cms_block>
         <title>block_header_top_right</title>
         <identifier>block_header_top_right</identifier>
         <content><![CDATA[
         <p>Call us: <span>0123.456.789</span></p>
		 ]]>
		 </content>
         <is_active>1</is_active>
         <stores><item>0</item></stores>
      </cms_block>
      
      
      <cms_block>
         <title>love_fastfoot</title>
         <identifier>love_fastfoot</identifier>
         <content><![CDATA[
         <p>{{block type="themesetting/product_list_promotion" product_id="36" is_random="0" hide_button="1" product_count="900" template="catalog/product/special-product.phtml"}}</p>
		 ]]>
		 </content>
         <is_active>1</is_active>
         <stores><item>0</item></stores>
      </cms_block>
      
      
      <cms_block>
         <title>love_event_cakes</title>
         <identifier>love_event_cakes</identifier>
         <content><![CDATA[
         <p>{{block type="themesetting/product_list_promotion" product_id="8" is_random="0" hide_button="1" product_count="900" template="catalog/product/special-product.phtml"}}</p>
		 ]]>
		 </content>
         <is_active>1</is_active>
         <stores><item>0</item></stores>
      </cms_block>
      
      
      <cms_block>
         <title>contact_company</title>
         <identifier>contact_company</identifier>
         <content><![CDATA[
         <h4>Contact for us:</h4>
		<p>All consultations are held at our Jersey City location.<br /> 631 Grove Street<br /> Jersey City, NJ 07310<br /> E-mail: <a href="#">customer@bakery.net</a> Website: <a href="#">bakerymart.net</a></p>
		 ]]>
		 </content>
         <is_active>1</is_active>
         <stores><item>0</item></stores>
      </cms_block>
      
      
      <cms_block>
         <title>about_company</title>
         <identifier>about_company</identifier>
         <content><![CDATA[
         <p><iframe src="//www.youtube.com/embed/wsG6UsrUyrw?rel=0&autoplay=0" frameborder="0" width="300" height="220"></iframe></p>
		<p>Training and skill development in retail baking!</p>
		 ]]>
		 </content>
         <is_active>1</is_active>
         <stores><item>0</item></stores>
      </cms_block>
      
      
      <cms_block>
         <title>block_slide1</title>
         <identifier>block_slide1</identifier>
         <content><![CDATA[
         <div data-thumb="{{media url="wysiwyg/cmsmart/themesetting/slideshow/slide1.png"}}" data-src="{{media url="wysiwyg/cmsmart/themesetting/slideshow/slide1.png"}}">
			<div class="caption light2 full-width">
			<h2 class="heading permanent">Beautiful Wedding cakes</h2>
			<p>What makes a wedding gown special? Extraordinary embellishments, of course. Here, desserts get adorned with fabulous flounces, beautiful beading, and more.....</p>
			</div>
		 </div>
		 ]]>
		 </content>
         <is_active>1</is_active>
         <stores><item>0</item></stores>
      </cms_block>
      
      
      <cms_block>
         <title>block_slide2</title>
         <identifier>block_slide2</identifier>
         <content><![CDATA[
         <div data-thumb="{{media url="wysiwyg/cmsmart/themesetting/slideshow/slide2.png"}}" data-src="{{media url="wysiwyg/cmsmart/themesetting/slideshow/slide2.png"}}">
			<div class="caption light3">
			<h2 class="heading permanent">Best King Cakes</h2>
			<p>A list of and information about the best king cakes in new orleans local bakeries.</p>
			</div>
		</div>
		 ]]>
		 </content>
         <is_active>1</is_active>
         <stores><item>0</item></stores>
      </cms_block>
      
      
      <cms_block>
         <title>block_slide3</title>
         <identifier>block_slide3</identifier>
         <content><![CDATA[
         <div data-thumb="{{media url="wysiwyg/cmsmart/themesetting/slideshow/slide5.png"}}" data-src="{{media url="wysiwyg/cmsmart/themesetting/slideshow/slide5.png"}}">
			<div class="caption light3">
			<h2 class="heading permanent">Discount In Gold Time</h2>
			<p>My sweet cakes products at discount prices with free shipping. Some of our discounted name brand cake...</p>
			</div>
		</div>
		 ]]>
		 </content>
         <is_active>1</is_active>
         <stores><item>0</item></stores>
      </cms_block>
      
      
      <cms_block>
         <title>block_slide4</title>
         <identifier>block_slide4</identifier>
         <content><![CDATA[
         <div data-thumb="{{media url="wysiwyg/cmsmart/themesetting/slideshow/slide4.png"}}" data-src="{{media url="wysiwyg/cmsmart/themesetting/slideshow/slide4.png"}}">
			<div class="caption light3">
			<h2 class="heading permanent">Custom Wedding Cakes &amp; Specialty Cakes</h2>
			<p>Palermo's Bakery creates custom wedding cakes, specialty cakes, and assorted pastries servicing areas in New Jersey, New York, and Connecticut...</p>
			</div>
		</div>
		 ]]>
		 </content>
         <is_active>1</is_active>
         <stores><item>0</item></stores>
      </cms_block>
      
      
      <cms_block>
         <title>block_home_preface</title>
         <identifier>block_home_preface</identifier>
         <content><![CDATA[
         <p>{{block type="themesetting/product_list_promotion" product_count="9" template="catalog/product/promotion-products.phtml"}}</p>
		 ]]>
		 </content>
         <is_active>1</is_active>
         <stores><item>0</item></stores>
      </cms_block>
      
      
      <cms_block>
         <title>block_home_preface1</title>
         <identifier>block_home_preface1</identifier>
         <content><![CDATA[
         <p><img src="{{media url="wysiwyg/cmsmart/images/layer-79.png"}}" alt="" /></p>
		<div>
		<h3><a href="#">WELCOME TO OUR SITE!</a></h3>
		<p>At Aroma we believe that bread should always be healthy and natural. That's why our delicious breads are baked fresh every day using a sourdough base with no added sugar, preservatives or cholesterol. Lorem ipsum dolor sit amet, consectetuer adipiscing elit. Mauris vel tortor vitae nibh condimen.</p>
		</div>
		<ul>
		<li>
		<h4><a href="#">Birthday cake delivery</a></h4>
		<span>On customer birthday we are happy free shipping with big orders for you...</span><a href="#">Read more</a></li>
		<li>
		<h4><a href="#">Our top best-sellers</a></h4>
		<span>Our most popular products based on sales and updated hourly...</span><a href="#">Read more</a></li>
		<li>
		<h4><a href="#">Taste without compromise</a></h4>
		<span>Only using the finest and freshest ingredients is what brings delicious taste...</span><a href="#">Read more</a></li>
		</ul>
		 ]]>
		 </content>
         <is_active>1</is_active>
         <stores><item>0</item></stores>
      </cms_block>
      
      
      <cms_block>
         <title>block_left_top</title>
         <identifier>block_left_top</identifier>
         <content><![CDATA[
         <p>{{block type="core/template" show_total="3" template="catalog/product/bestseller.phtml"}}</p>
		 ]]>
		 </content>
         <is_active>1</is_active>
         <stores><item>0</item></stores>
      </cms_block>
      
      
      <cms_block>
         <title>block_left_bottom</title>
         <identifier>block_left_bottom</identifier>
         <content><![CDATA[
         <div class="block-left"><a href="#"><img src="{{media url="wysiwyg/cmsmart/images/banner-left.jpg"}}" alt="" /> </a><span class="shadow-left-bottom">/</span></div>
		 ]]>
		 </content>
         <is_active>1</is_active>
         <stores><item>0</item></stores>
      </cms_block>
      
      
      <cms_block>
         <title>block_footer_top_a</title>
         <identifier>block_footer_top_a</identifier>
         <content><![CDATA[
         <p><img src="{{media url="wysiwyg/cmsmart/images/layer-154.png"}}" alt="" /></p>
		<div class="footer-top-content a-content">
		<h3>Free delivery!</h3>
		<p>If you live within two miles we may be able to deliver free of charge on market days. We use My Hermes courier service, we do not post out on Fridays or Saturdays to prevent the cakes being sat over the weekend.</p>
		</div>
		 ]]>
		 </content>
         <is_active>1</is_active>
         <stores><item>0</item></stores>
      </cms_block>
      
      
      <cms_block>
         <title>block_footer_top_b</title>
         <identifier>block_footer_top_b</identifier>
         <content><![CDATA[
         <p><img src="{{media url="wysiwyg/cmsmart/images/layer-155.png"}}" alt="" /></p>
		<div class="footer-top-content b-content">
		<h3>Free gift wrap!</h3>
		<p>You can select the gift-wrap option during the checkout process by checking the box next to Ordering a gift? Check this box to see gift options before checkout, on the Delivery &amp; Payment page.</p>
		</div>
		 ]]>
		 </content>
         <is_active>1</is_active>
         <stores><item>0</item></stores>
      </cms_block>
      
      
      <cms_block>
         <title>block_footer_column1</title>
         <identifier>block_footer_column1</identifier>
         <content><![CDATA[
         <div class="module-title">
		<h2 class="title">About Us</h2>
		</div>
		<div class="module-content">
		<ul class="menu">
		<li class="item"><a href="{{store url="contacts"}}">Customer Service</a></li>
		<li class="item"><a href="http://google.com.vn">Employment</a></li>
		<li class="item"><a href="{{store url="catalog/seo_sitemap/category"}}">Site Map</a></li>
		<li class="item"><a href="{{store url="catalogsearch/term/popular"}}">Search Terms</a></li>
		<li class="item"><a href="{{store url="catalogsearch/advanced"}}">Advanced Search</a></li>
		<li class="item"><a href="{{store url="sales/guest/form/"}}">Orders and Returns</a></li>
		</ul>
		</div>
		 ]]>
		 </content>
         <is_active>1</is_active>
         <stores><item>0</item></stores>
      </cms_block>
      
      
      <cms_block>
         <title>block_footer_column2</title>
         <identifier>block_footer_column2</identifier>
         <content><![CDATA[
         <div class="module-title">
		<h2 class="title">Online Store</h2>
		</div>
		<div class="module-content">
		<ul class="menu">
		<li class="item"><a href="{{store url="contacts"}}">Cupcakes</a></li>
		<li class="item"><a href="http://google.com.vn">Cupcakes Club</a></li>
		<li class="item"><a href="{{store url="contacts"}}">Baked Goods</a></li>
		<li class="item"><a href="{{store url="contacts"}}">Apparel</a></li>
		<li class="item"><a href="{{store url="contacts"}}">Magnolia Bakery</a></li>
		<li class="item"><a href="{{store url="contacts"}}">In the Cupboard</a></li>
		</ul>
		</div>
		 ]]>
		 </content>
         <is_active>1</is_active>
         <stores><item>0</item></stores>
      </cms_block>
      
      
      <cms_block>
         <title>block_footer_column3</title>
         <identifier>block_footer_column3</identifier>
         <content><![CDATA[
         <div class="module-title">
		<h2 class="title">News &amp; Events</h2>
		</div>
		<div class="module-content">
		<ul class="menu">
		<li class="item"><a href="{{store url="contacts"}}">World's Largest King Cake</a></li>
		<li class="item"><a href="http://google.com.vn">Mardi Gras Bead Dog&copy;</a></li>
		<li class="item"><a href="{{store url="contacts"}}">Haydelicious Blog</a></li>
		<li class="item"><a href="{{store url="contacts"}}">Meet the Haydels</a></li>
		<li class="item"><a href="{{store url="contacts"}}">Awards &amp; Accolades</a></li>
		<li class="item"><a href="{{store url="contacts"}}">Philanthropy</a></li>
		</ul>
		</div>
		 ]]>
		 </content>
         <is_active>1</is_active>
         <stores><item>0</item></stores>
      </cms_block>
      
      
      <cms_block>
         <title>block_footer_column4</title>
         <identifier>block_footer_column4</identifier>
         <content><![CDATA[
         <div class="module-title">
		<h2 class="title">Catering</h2>
		</div>
		<div class="module-content">
		<ul class="menu">
		<li class="item"><a href="{{store url="contacts"}}">Weddings</a></li>
		<li class="item"><a href="http://google.com.vn">Party Room</a></li>
		<li class="item"><a href="{{store url="contacts"}}">Fastfood</a></li>
		<li class="item"><a href="http://google.com.vn">Childrent</a></li>
		<li class="item"><a href="http://google.com.vn">Company Event</a></li>
		<li class="item"><a href="http://google.com.vn">One Day</a></li>
		</ul>
		</div>
		 ]]>
		 </content>
         <is_active>1</is_active>
         <stores><item>0</item></stores>
      </cms_block>
      
      
      <cms_block>
         <title>block_footer_column5</title>
         <identifier>block_footer_column5</identifier>
         <content><![CDATA[
         <div class="module-title">
		<h2 class="title">Video Tutorials</h2>
		</div>
		<div class="module-content">{{block type="videogallery/videogallery" name="videogallery" template="cmsmart/videogallery/videogallery.phtml"}}</div>
		 ]]>
		 </content>
         <is_active>1</is_active>
         <stores><item>0</item></stores>
      </cms_block>
      
      
      <cms_block>
         <title>block_footer_row2_column1</title>
         <identifier>block_footer_row2_column1</identifier>
         <content><![CDATA[
         <h3 class="heading">Let's Connect</h3>
		<p><a class="bullet" title="How PayPal Works" onclick="javascript:window.open('https://www.paypal.com/webapps/mpp/paypal-popup','WIPaypal','toolbar=no, location=no, directories=no, status=no, menubar=no, scrollbars=yes, resizable=yes, width=1060, height=700'); return false;" href="https://www.paypal.com/webapps/mpp/paypal-popup"><img src="{{media url="wysiwyg/cmsmart/images/layer-93.png"}}" alt="" border="0" /></a></p>
		 ]]>
		 </content>
         <is_active>1</is_active>
         <stores><item>0</item></stores>
      </cms_block>
      
      
      <cms_block>
         <title>block_footer_row2_column2</title>
         <identifier>block_footer_row2_column2</identifier>
         <content><![CDATA[
         <p><a href="#"><img src="{{media url="wysiwyg/cmsmart/images/layer-971.png"}}" alt="" /></a></p>
		 ]]>
		 </content>
         <is_active>1</is_active>
         <stores><item>0</item></stores>
      </cms_block>
      
      
      <cms_block>
         <title>banner_list_products</title>
         <identifier>banner_list_products</identifier>
         <content><![CDATA[
         <p><a href="#"><img src="{{media url="wysiwyg/cmsmart/themesetting/banner_product/banner-list-products.png"}}" alt="" /></a></p>
		 ]]>
		 </content>
         <is_active>1</is_active>
         <stores><item>0</item></stores>
      </cms_block>
      
      
      <cms_block>
         <title>block_right_top</title>
         <identifier>block_right_top</identifier>
         <content><![CDATA[
         <div class="block-left"><a href="#"><img src="{{media url="wysiwyg/cmsmart/images/banner-left.jpg"}}" alt="" /> </a><span class="shadow-left-bottom">/</span></div>
		 ]]>
		 </content>
         <is_active>1</is_active>
         <stores><item>0</item></stores>
      </cms_block>      
      
      
      <cms_block>
         <title>block_header_nav</title>
         <identifier>block_header_nav</identifier>
         <content><![CDATA[
         <p>This content don't show.</p>
		 ]]>
		 </content>
         <is_active>1</is_active>
         <stores><item>0</item></stores>
      </cms_block>
      
      
      <cms_block>
         <title>block_header_nav1</title>
         <identifier>block_header_nav1</identifier>
         <content><![CDATA[
         <ul class="level0">
		<li class="level1 nav-5-1 first item"><a> <span>Contact Us</span> </a>
		<div>
		<h4>Contact for us:</h4>
		<p>All consultations are held at our Jersey City location.<br /> 631 Grove Street<br /> Jersey City, NJ 07310<br /> E-mail: <a href="#">customer@bakery.net</a> Website: <a href="#">bakerymart.net</a></p>
		</div>
		</li>
		<li class="level1 nav-5-2 last item"><a> <span>About Us</span> </a>
		<div>
		<p><iframe src="//www.youtube.com/embed/wsG6UsrUyrw?rel=0&amp;autoplay=0" frameborder="0" width="300" height="220"></iframe></p>
		<p>Training and skill development in retail baking!</p>
		</div>
		</li>
		</ul>
		 ]]>
		 </content>
         <is_active>1</is_active>
         <stores><item>0</item></stores>
      </cms_block>
      
      
   </blocks>
</root>