<root>
   <pages>
      <cms_page>
         <title>Home page</title>
         <identifier>home</identifier>
         <content><![CDATA[
		{{block type="catalog/product_new" products_count="12" block_name="New Products" hide_button="1" template="catalog/product/new.phtml"}}
		]]></content>
         <is_active>1</is_active>
         <stores><item>0</item></stores>
      </cms_page>
      
      
      <cms_page>
         <title>Frequently asked questions</title>
         <identifier>faq</identifier>
         <content><![CDATA[
		<div class="faq-page">
		<h1>Frequently Asked Questions</h1>
		<div class="post_wrap">
		<div id="post-135" class="single the_faqs">
		<p style="padding-top: 15px;">We&rsquo;re continuously adding more articles, tutorials, tips, and guidelines to Cmsmart&rsquo;s documentation &ndash; and now we&rsquo;ve added this FAQ section where we&rsquo;ll post the questions that come back the most often and only require a short answer.</p>
		<div class="tip">Oh and by the way &ndash; don&rsquo;t forget to <a href="#" target="_self">follow us on Twitter</a> to stay tuned! That way you&rsquo;ll know when a new entry is posted or a new update released.</div>
		</div>
		<h1 class="my_faqs">FAQ's List</h1>
		<div class="post_wrap">
		<ul id="faq">
		<li><a class="question down" href="#">I uploaded Cmsmart but I'm not seeing the installer - what's wrong?</a>
		<ul class="answer" style="display: block;">
		<li>
		<p>You need to upload all the files and folders that are <strong> <em>inside </em> </strong> the 'bakeryshop' top folder into your Magento root. That means the following folders: 'app', 'js', and 'skin'. You can use any FTP client to upload the files.</p>
		<p>Also remember to refresh ALL Magento cache via "System &gt; Cache Management" and to logout and log back in the Magento admin afterward.</p>
		</li>
		</ul>
		</li>
		<li><a class="question down" href="#">Why do I get an error?</a>
		<ul class="answer" style="display: block;">
		<li>
		<p>If you're getting an error that says that your Cmsmart serial is not valid but still you are certain that you put the serial correctly in your Magento admin, most likely your Magento Base URL doesn't match exactly the URL that you have licensed for Cmsmart. <br /> <br /> Note that "url.com" and "store.url.com" are different URLs. Same for "url.com" and "url.com/store". <br /> <br /> So make sure that your Magento Base URL at "System &gt; Configuration &gt; Web &gt; Unsecure URL &gt; Base URL" is exactly the same URL you have licensed for Cmsmart. If it's not, open a new ticket via your account center and we'll update your license with the correct URL.</p>
		</li>
		</ul>
		</li>
		<li><a class="question" href="#">I purchased Cmsmart Plus, how do I remove the Cmsmart link in the footer?</a>
		<ul class="answer">
		<li>
		<p>You can easily edit the notice in the footer via your Magento admin and put your own copyright there. Just login to your admin and navigate to &ldquo;System &gt; configuration &gt; Design &gt; Footer &gt; Copyright&rdquo;. Just make sure you&rsquo;re editing the configuration under the proper store view scope which you need to select in the &ldquo;Current Configuration Scope&rdquo; drop down in your Magento admin.</p>
		</li>
		</ul>
		</li>
		<li><a class="question" href="#">How can I update my store without overwriting my custom changes?</a>
		<ul class="answer">
		<li>
		<p>Easily customize Cmsmart&rsquo;s files while making sure your changes won&rsquo;t be affected should you update your copy when new versions are released. Here's <a href="#">how to customize Cmsmart while keeping your installation 100% upgrade proof</a> .</p>
		</li>
		</ul>
		</li>
		<li><a class="question" href="#">How do I customize multiple instances of Cmsmart on a single Magento installation?</a>
		<ul class="answer">
		<li>
		<p>For each store create dedicated folders under app and skin. Then navigate to System &gt; Configuration &gt; Design &gt; Theme and for each Store View change the values for "Templates", "Skin (Images / CSS)", and "Layout" to the appropriate folder name. (Keep "Cmsmart" in the "Default" field.)</p>
		<p>For each store copy the Cmsmart skin files over to the new skin folder and start customizing from there. For layout and template files, only copy the files you want to customize.</p>
		<p>Also make sure to save your serial under the General Configuration scope and under each Store View scope where Cmsmart is installed ;).</p>
		</li>
		</ul>
		</li>
		<li><a class="question" href="#">How do I edit the links in the bottom footer?</a>
		<ul class="answer">
		<li>
		<p><a title="" target="">Editing the Footer Tabs</a> is easy. As for the bottom footer, most of the stuff there can be managed directly from the Magento admin. For example you can turn on or off the &ldquo;Sitemap&rdquo;, &ldquo;Search Terms&rdquo;, &ldquo;Contact Us&rdquo; or &ldquo;RSS&rdquo; links. You can also manage the copyright notice directly from the Magento backend under &ldquo;System &gt; Configuration &gt; Design &gt; Footer &gt; Copyright&rdquo;.</p>
		<p>The template file that controls the links in the bottom footer in Magento is located here (Cmsmart doesn&rsquo;t change this file):</p>
		<p>app/design/frontend/base/default/template/page/template/links.phtml</p>
		<p>The Cmsmart template file for the entire footer is located here:</p>
		<p>app/design/frontend/default/bakeryshop/template/page/html/footer.phtml</p>
		<p>And the newsletter subscription field is controlled by this Cmsmart template file:</p>
		<p>app/design/frontend/default/bakeryshop/template/newsletter/subscribe.phtml</p>
		</li>
		</ul>
		</li>
		<li><a class="question" href="#">Can I add product names to the product listing?</a>
		<ul class="answer">
		<li>
		<p>Yes definitely! You can enable or disable displaying product names on the grid view directly from your Magento admin. Product names are also displayed by default on the Popup Preview images when you mouse hover the product thumbnail (more info on that in the <a href="#" rel="nofollow">Increased User Retention paragraph</a> on the article on <a href="#">how to add Popup Preview images</a> ) but you can also display them under the product thumbnails in the catalog grid view. All you have to do is enable them in the Magento admin under Cmsmart&rsquo;s settings.</p>
		</li>
		</ul>
		</li>
		</ul>
		</div>
		</div>
		</div>		
		]]></content>
         <is_active>1</is_active>
         <stores><item>0</item></stores>
      </cms_page>
      
   </pages>
</root>
