<?xml version="1.0"?>
<config>
	<tabs>
        <cmsmart translate="label">
            <label>Cmsmart Extensions</label>
            <sort_order>151</sort_order>
        </cmsmart>
    </tabs>
    <sections>
        <brands translate="label">
			<label>Brands</label>
			<tab>cmsmart</tab>
			<frontend_type>text</frontend_type>
			<sort_order>300</sort_order>
			<show_in_default>1</show_in_default>
			<show_in_website>1</show_in_website>
			<show_in_store>1</show_in_store>
            <groups>
				<general translate="label">
                    <label>General</label>
					<comment>
						<![CDATA[<strong>IMPORTANT:</strong><br/>
						This is the directory to store brand images: media/wysiwyg/cmsmart/brands/<br/>
						In the previous version images were stored in: media/cmsmart/attributes/.<br/>
						If you have updated the theme, please move all your brand images to the new directory.<br/><br/>]]>
					</comment>
                    <frontend_type>text</frontend_type>
                    <sort_order>10</sort_order>
                    <show_in_default>1</show_in_default>
                    <show_in_website>1</show_in_website>
                    <show_in_store>1</show_in_store>
                    <fields>
                        <!--<product_view_enabled translate="label">
							<label>Brand on Product Page</label>
                            <frontend_type>select</frontend_type>
                            <source_model>adminhtml/system_config_source_enabledisable</source_model>
                            <sort_order>10</sort_order>
                            <show_in_default>1</show_in_default>
                            <show_in_website>1</show_in_website>
                            <show_in_store>1</show_in_store>
						</product_view_enabled>-->
						<attr_id translate="label">
                            <label>Brand Attribute Code</label>
							<comment>
								<![CDATA[Identifier of the attribute which contains the information about brands in your store. Search for that code in <em>Catalog > Attributes > Manage Attributes</em>.]]>
							</comment>
                            <frontend_type>text</frontend_type>
							<validate>validate-code</validate>
                            <sort_order>30</sort_order>
                            <show_in_default>1</show_in_default>
                            <show_in_website>1</show_in_website>
                            <show_in_store>1</show_in_store>
                        </attr_id>
						<image_extension translate="label">
                            <label>Brand Image File Extension</label>
							<comment>Without the leading dot.</comment>
                            <frontend_type>text</frontend_type>
                            <sort_order>50</sort_order>
                            <show_in_default>1</show_in_default>
                            <show_in_website>1</show_in_website>
                            <show_in_store>1</show_in_store>
                        </image_extension>
						<link_search_enabled translate="label">
							<label>Brand Logo is a Link to Search Results</label>
							<comment>
								<![CDATA[E.g. Microsoft logo can be a link to <strong>/catalogsearch/result/?q=microsoft</strong> page in your store.]]>
							</comment>
                            <frontend_type>select</frontend_type>
                            <source_model>adminhtml/system_config_source_yesno</source_model>
                            <sort_order>200</sort_order>
                            <show_in_default>1</show_in_default>
                            <show_in_website>1</show_in_website>
                            <show_in_store>1</show_in_store>
						</link_search_enabled>
						<page_base_path translate="label">
                            <label>Base Path to Brand's Pages</label>
							<comment>
								<![CDATA[This path can be used only when <strong>Brand Logo is a Link to Search Results</strong> option is disabled. Path will be appended with the brand's name to create a link to the brand's page.<br/>
								- Path is relative to the store root.<br/>
								- No leading or trailing slashes.<br/>
								- Enter "/" (single slash, without brackets), if no base path is needed.<br/>
								- Leave empty if you don't need a link for brand logo.<br/>
								- For more details please refer to the user guide.]]>
							</comment>
                            <frontend_type>text</frontend_type>
                            <sort_order>310</sort_order>
                            <show_in_default>1</show_in_default>
                            <show_in_website>1</show_in_website>
                            <show_in_store>1</show_in_store>
							<depends>
								<link_search_enabled>0</link_search_enabled>
							</depends>
                        </page_base_path>
						<append_category_suffix translate="label">
							<label>Append Category URL Suffix</label>
							<comment>
								<![CDATA[If <strong>Category URL Suffix</strong> exists (in System > Configuration > Catalog), it can be appended at the end of the URL of the brand's page. For example: www.example.com/brands/apple<strong style="color:red">.html</strong> (assuming that <strong style="color:red">.html</strong> was set as <strong>Category URL Suffix</strong>).]]>
							</comment>
                            <frontend_type>select</frontend_type>
                            <source_model>adminhtml/system_config_source_yesno</source_model>
                            <sort_order>320</sort_order>
                            <show_in_default>1</show_in_default>
                            <show_in_website>1</show_in_website>
                            <show_in_store>1</show_in_store>
							<depends>
								<link_search_enabled>0</link_search_enabled>
							</depends>
						</append_category_suffix>
					</fields>
				</general>
				<product_view translate="label">
                    <label>Brand on Product Page</label>
                    <frontend_type>text</frontend_type>
                    <sort_order>20</sort_order>
                    <show_in_default>1</show_in_default>
                    <show_in_website>1</show_in_website>
                    <show_in_store>1</show_in_store>
                    <fields>
						<enable translate="label">
							<label>Brand on Product Page</label>
                            <frontend_type>select</frontend_type>
                            <source_model>adminhtml/system_config_source_enabledisable</source_model>
                            <sort_order>10</sort_order>
                            <show_in_default>1</show_in_default>
                            <show_in_website>1</show_in_website>
                            <show_in_store>1</show_in_store>
						</enable>
						<show_image translate="label">
							<label>Show Brand Image</label>
                            <frontend_type>select</frontend_type>
                            <source_model>adminhtml/system_config_source_yesno</source_model>
                            <sort_order>20</sort_order>
                            <show_in_default>1</show_in_default>
                            <show_in_website>1</show_in_website>
                            <show_in_store>1</show_in_store>
						</show_image>
					</fields>
				</product_view>
				<slider translate="label">
                    <label>Brand Slider</label>
                    <frontend_type>text</frontend_type>
                    <sort_order>30</sort_order>
                    <show_in_default>1</show_in_default>
                    <show_in_website>1</show_in_website>
                    <show_in_store>1</show_in_store>
                    <fields>
                        <enable translate="label">
							<label>Brand Sliders</label>
                            <frontend_type>select</frontend_type>
                            <source_model>adminhtml/system_config_source_enabledisable</source_model>
                            <sort_order>10</sort_order>
                            <show_in_default>1</show_in_default>
                            <show_in_website>1</show_in_website>
                            <show_in_store>1</show_in_store>
						</enable>
						<all_brands translate="label">
							<label>Show All Brands</label>
							<comment>
								<![CDATA[If set to "Yes", slider will display all existing brands. Otherwise slider will display only those brands, which are currently assigned to products.]]>
							</comment>
                            <frontend_type>select</frontend_type>
                            <source_model>adminhtml/system_config_source_yesno</source_model>
                            <sort_order>20</sort_order>
                            <show_in_default>1</show_in_default>
                            <show_in_website>1</show_in_website>
                            <show_in_store>1</show_in_store>
						</all_brands>
						
						<!--
						<fx translate="label">
							<label>Transition Effect Animation</label>
                            <frontend_type>select</frontend_type>
							<source_model>brands/source_fx</source_model>
                            <sort_order>50</sort_order>
                            <show_in_default>1</show_in_default>
                            <show_in_website>1</show_in_website>
                            <show_in_store>1</show_in_store>
						</fx>
						-->
						<easing translate="label">
							<label>Easing Method</label>
							<comment>The type of easing applied to the transition animation.</comment>
                            <frontend_type>select</frontend_type>
							<source_model>brands/source_easing</source_model>
                            <sort_order>60</sort_order>
                            <show_in_default>1</show_in_default>
                            <show_in_website>1</show_in_website>
                            <show_in_store>1</show_in_store>
						</easing>
						
						<timeout translate="label">
                            <label>Timeout</label>
							<comment>Time (in milliseconds) between slide transitions. Enter "0" to disable automatic transition. Note that 1000 miliseconds = 1 second.</comment>
                            <frontend_type>text</frontend_type>
                            <sort_order>70</sort_order>
                            <show_in_default>1</show_in_default>
                            <show_in_website>1</show_in_website>
                            <show_in_store>1</show_in_store>
                        </timeout>
						<speed translate="label">
                            <label>Transition Speed</label>
							<comment>Time (in milliseconds) of slide transition animation.</comment>
                            <frontend_type>text</frontend_type>
                            <sort_order>80</sort_order>
                            <show_in_default>1</show_in_default>
                            <show_in_website>1</show_in_website>
                            <show_in_store>1</show_in_store>
                        </speed>
						<pause translate="label">
							<label>Pause on Hover</label>
							<comment>If enabled, when the slider is mouseovered then the automatic transition functionality will pause.</comment>
                            <frontend_type>select</frontend_type>
                            <source_model>adminhtml/system_config_source_enabledisable</source_model>
                            <sort_order>90</sort_order>
                            <show_in_default>1</show_in_default>
                            <show_in_website>1</show_in_website>
                            <show_in_store>1</show_in_store>
						</pause>
						<loop translate="label">
							<label>Loop</label>
							<comment>If enabled, animation will loop.</comment>
                            <frontend_type>select</frontend_type>
                            <source_model>adminhtml/system_config_source_enabledisable</source_model>
                            <sort_order>100</sort_order>
                            <show_in_default>1</show_in_default>
                            <show_in_website>1</show_in_website>
                            <show_in_store>1</show_in_store>
						</loop>
					</fields>
				</slider>
            </groups>
        </brands>
    </sections>
</config>