{"body":[{"val":"","selector":"body","attr":"background-color"},{"val":"","selector":"#page","attr":"background-color"},{"val":"","selector":"body","attr":"background-image"},{"val":"","selector":"body,body #page","attr":"font-size"},{"val":"","selector":"body,body #page","attr":"color"},{"val":"","selector":"a, #page a","attr":"color"}],"topbar":[{"val":"","selector":"#topbar","attr":"background-color"},{"val":"","selector":"#topbar,#topbar .btn-dropdown span","attr":"color"},{"val":"","selector":"#topbar .fa,#topbar .btn.btn-theme-normal .fa","attr":"color"}],"header-main":[{"val":"","selector":"#header-main","attr":"background-color"},{"val":"","selector":"#header-main","attr":"background-image"},{"val":"","selector":"#header-main a,#header-main #cart a .fa","attr":"color"}],"footer":[{"val":"","selector":".footer-top .inner","attr":"background-color"},{"val":"","selector":".footer-top,.footer-top .inner","attr":"background-image"},{"val":"","selector":".footer-top .inner","attr":"color"},{"val":"","selector":".footer-top a","attr":"color"},{"val":"","selector":".footer-top .fa","attr":"color"},{"val":"","selector":"#powered .inner","attr":"background-color"},{"val":"","selector":"#powered ","attr":"color"},{"val":"","selector":"#powered a","attr":"color"}],"product":[{"val":"","selector":".box-heading","attr":"color"},{"val":"","selector":".product-block .name a","attr":"color"},{"val":"","selector":".price,.special-price","attr":"color"},{"val":"","selector":".price .price-new","attr":"color"},{"val":"","selector":".price .price-old","attr":"color"},{"val":"","selector":"\r\n                .cart .btn .fa,.product-block .product-icon\r\n\t\t\t","attr":"color"},{"val":"","selector":"\r\n                .cart span\r\n\t\t\t","attr":"color"},{"val":"","selector":"\r\n                .cart .btn\r\n\t\t\t","attr":"background-color"},{"val":"","selector":"\r\n\t\t\t\t.product-label span\r\n\t\t\t","attr":"background-color"},{"val":"","selector":".product-label-special span","attr":"color"},{"val":"","selector":".product-block .fa","attr":"color"}]}