<?xml version="1.0"?>

<config>
    <menu>
        <cms>
            <children>
                <recipes translate="title" module="cmsmart_recipes">
                    <title>Recipes</title>
                    <sort_order>17</sort_order>
                    <action>adminhtml/recipes</action>
                </recipes>
            </children>
        </cms>
    </menu>
    <acl>
        <resources>
            <all>
                <title>Allow Everything</title>
            </all>
            <admin>
                <children>
                    <cms>
                        <children>
                            <recipes>
                                <title>Recipes</title>
                                <sort_order>10</sort_order>
                            </recipes>
                        </children>
                    </cms>
                </children>
            </admin>
        </resources>
    </acl>
</config>
