-- phpMyAdmin SQL Dump
-- version 4.8.3
-- https://www.phpmyadmin.net/
--
-- Host: localhost:3306
-- Generation Time: Feb 07, 2019 at 03:05 PM
-- Server version: 10.2.21-MariaDB
-- PHP Version: 7.2.7

SET SQL_MODE = "NO_AUTO_VALUE_ON_ZERO";
SET AUTOCOMMIT = 0;
START TRANSACTION;
SET time_zone = "+00:00";


/*!40101 SET @OLD_CHARACTER_SET_CLIENT=@@CHARACTER_SET_CLIENT */;
/*!40101 SET @OLD_CHARACTER_SET_RESULTS=@@CHARACTER_SET_RESULTS */;
/*!40101 SET @OLD_COLLATION_CONNECTION=@@COLLATION_CONNECTION */;
/*!40101 SET NAMES utf8mb4 */;

--
-- Database: `technogi_democarvault`
--

-- --------------------------------------------------------

--
-- Table structure for table `sma_addresses`
--

CREATE TABLE `sma_addresses` (
  `id` int(11) NOT NULL,
  `company_id` int(11) NOT NULL,
  `line1` varchar(50) NOT NULL,
  `line2` varchar(50) DEFAULT NULL,
  `city` varchar(25) NOT NULL,
  `postal_code` varchar(20) DEFAULT NULL,
  `state` varchar(25) NOT NULL,
  `country` varchar(50) NOT NULL,
  `phone` varchar(50) DEFAULT NULL,
  `updated_at` timestamp NOT NULL DEFAULT current_timestamp() ON UPDATE current_timestamp()
) ENGINE=InnoDB DEFAULT CHARSET=utf8;

-- --------------------------------------------------------

--
-- Table structure for table `sma_adjustments`
--

CREATE TABLE `sma_adjustments` (
  `id` int(11) NOT NULL,
  `date` timestamp NOT NULL DEFAULT current_timestamp() ON UPDATE current_timestamp(),
  `reference_no` varchar(55) NOT NULL,
  `warehouse_id` int(11) NOT NULL,
  `note` text DEFAULT NULL,
  `attachment` varchar(55) DEFAULT NULL,
  `created_by` int(11) NOT NULL,
  `updated_by` int(11) DEFAULT NULL,
  `updated_at` datetime DEFAULT NULL,
  `count_id` int(11) DEFAULT NULL
) ENGINE=InnoDB DEFAULT CHARSET=utf8;

-- --------------------------------------------------------

--
-- Table structure for table `sma_adjustment_items`
--

CREATE TABLE `sma_adjustment_items` (
  `id` int(11) NOT NULL,
  `adjustment_id` int(11) NOT NULL,
  `product_id` int(11) NOT NULL,
  `option_id` int(11) DEFAULT NULL,
  `quantity` decimal(15,4) NOT NULL,
  `warehouse_id` int(11) NOT NULL,
  `serial_no` varchar(255) DEFAULT NULL,
  `type` varchar(20) NOT NULL
) ENGINE=InnoDB DEFAULT CHARSET=utf8;

-- --------------------------------------------------------

--
-- Table structure for table `sma_brands`
--

CREATE TABLE `sma_brands` (
  `id` int(11) NOT NULL,
  `code` varchar(20) DEFAULT NULL,
  `name` varchar(50) NOT NULL,
  `image` varchar(50) DEFAULT NULL,
  `slug` varchar(55) DEFAULT NULL
) ENGINE=InnoDB DEFAULT CHARSET=utf8;

-- --------------------------------------------------------

--
-- Table structure for table `sma_calendar`
--

CREATE TABLE `sma_calendar` (
  `id` int(11) NOT NULL,
  `title` varchar(55) NOT NULL,
  `description` varchar(255) DEFAULT NULL,
  `start` datetime NOT NULL,
  `end` datetime DEFAULT NULL,
  `color` varchar(7) NOT NULL,
  `user_id` int(11) DEFAULT NULL
) ENGINE=InnoDB DEFAULT CHARSET=utf8;

--
-- Dumping data for table `sma_calendar`
--

INSERT INTO `sma_calendar` (`id`, `title`, `description`, `start`, `end`, `color`, `user_id`) VALUES
(1, 'test', 'strg', '2018-10-11 00:00:00', '2018-10-12 00:00:00', '#000000', 2);

-- --------------------------------------------------------

--
-- Table structure for table `sma_captcha`
--

CREATE TABLE `sma_captcha` (
  `captcha_id` bigint(13) UNSIGNED NOT NULL,
  `captcha_time` int(10) UNSIGNED NOT NULL,
  `ip_address` varchar(16) CHARACTER SET latin1 NOT NULL DEFAULT '0',
  `word` varchar(20) CHARACTER SET latin1 NOT NULL
) ENGINE=InnoDB DEFAULT CHARSET=utf8;

-- --------------------------------------------------------

--
-- Table structure for table `sma_categories`
--

CREATE TABLE `sma_categories` (
  `id` int(11) NOT NULL,
  `code` varchar(55) NOT NULL,
  `name` varchar(55) NOT NULL,
  `image` varchar(55) DEFAULT NULL,
  `parent_id` int(11) DEFAULT NULL,
  `slug` varchar(55) DEFAULT NULL
) ENGINE=InnoDB DEFAULT CHARSET=utf8;

--
-- Dumping data for table `sma_categories`
--

INSERT INTO `sma_categories` (`id`, `code`, `name`, `image`, `parent_id`, `slug`) VALUES
(1, 'C1', 'Category 1', NULL, NULL, NULL);

-- --------------------------------------------------------

--
-- Table structure for table `sma_combo_items`
--

CREATE TABLE `sma_combo_items` (
  `id` int(11) NOT NULL,
  `product_id` int(11) NOT NULL,
  `item_code` varchar(20) NOT NULL,
  `quantity` decimal(12,4) NOT NULL,
  `unit_price` decimal(25,4) DEFAULT NULL
) ENGINE=InnoDB DEFAULT CHARSET=utf8;

-- --------------------------------------------------------

--
-- Table structure for table `sma_companies`
--

CREATE TABLE `sma_companies` (
  `id` int(11) NOT NULL,
  `group_id` int(10) UNSIGNED DEFAULT NULL,
  `group_name` varchar(20) NOT NULL,
  `customer_group_id` int(11) DEFAULT NULL,
  `customer_group_name` varchar(100) DEFAULT NULL,
  `name` varchar(55) NOT NULL,
  `company` varchar(255) NOT NULL,
  `vat_no` varchar(100) DEFAULT NULL,
  `address` varchar(255) DEFAULT NULL,
  `city` varchar(55) DEFAULT NULL,
  `state` varchar(55) DEFAULT NULL,
  `postal_code` varchar(8) DEFAULT NULL,
  `country` varchar(100) DEFAULT NULL,
  `phone` varchar(20) DEFAULT NULL,
  `email` varchar(100) NOT NULL,
  `cf1` varchar(100) DEFAULT NULL,
  `cf2` varchar(100) DEFAULT NULL,
  `cf3` varchar(100) DEFAULT NULL,
  `cf4` varchar(100) DEFAULT NULL,
  `cf5` varchar(100) DEFAULT NULL,
  `cf6` varchar(100) DEFAULT NULL,
  `invoice_footer` text DEFAULT NULL,
  `payment_term` int(11) DEFAULT 0,
  `logo` varchar(255) DEFAULT 'logo.png',
  `award_points` int(11) DEFAULT 0,
  `deposit_amount` decimal(25,4) DEFAULT NULL,
  `price_group_id` int(11) DEFAULT NULL,
  `price_group_name` varchar(50) DEFAULT NULL
) ENGINE=InnoDB DEFAULT CHARSET=utf8;

--
-- Dumping data for table `sma_companies`
--

INSERT INTO `sma_companies` (`id`, `group_id`, `group_name`, `customer_group_id`, `customer_group_name`, `name`, `company`, `vat_no`, `address`, `city`, `state`, `postal_code`, `country`, `phone`, `email`, `cf1`, `cf2`, `cf3`, `cf4`, `cf5`, `cf6`, `invoice_footer`, `payment_term`, `logo`, `award_points`, `deposit_amount`, `price_group_id`, `price_group_name`) VALUES
(1, 3, 'customer', 1, 'General', 'Walk-in Customer', 'Walk-in Customer', '', 'Customer Address', 'Petaling Jaya', 'Selangor', '46000', 'Malaysia', '0123456789', 'customer@tecdiary.com', '', '', '', '', '', '', NULL, 0, 'logo.png', 0, NULL, NULL, NULL),
(2, 4, 'supplier', NULL, NULL, 'Test Supplier', 'Supplier Company Name', NULL, 'Supplier Address', 'Petaling Jaya', 'Selangor', '46050', 'Malaysia', '0123456789', 'supplier@tecdiary.com', '-', '-', '-', '-', '-', '-', NULL, 0, 'logo.png', 0, NULL, NULL, NULL),
(3, NULL, 'biller', NULL, NULL, 'Mian Saleem', 'Test Biller', '5555', 'Biller adddress', 'City', '', '', 'Country', '012345678', 'saleem@tecdiary.com', '', '', '', '', '', '', ' Thank you for shopping with us. Please come again', 0, 'logo1.png', 0, NULL, NULL, NULL);

-- --------------------------------------------------------

--
-- Table structure for table `sma_costing`
--

CREATE TABLE `sma_costing` (
  `id` int(11) NOT NULL,
  `date` date NOT NULL,
  `product_id` int(11) DEFAULT NULL,
  `sale_item_id` int(11) NOT NULL,
  `sale_id` int(11) DEFAULT NULL,
  `purchase_item_id` int(11) DEFAULT NULL,
  `quantity` decimal(15,4) NOT NULL,
  `purchase_net_unit_cost` decimal(25,4) DEFAULT NULL,
  `purchase_unit_cost` decimal(25,4) DEFAULT NULL,
  `sale_net_unit_price` decimal(25,4) NOT NULL,
  `sale_unit_price` decimal(25,4) NOT NULL,
  `quantity_balance` decimal(15,4) DEFAULT NULL,
  `inventory` tinyint(1) DEFAULT 0,
  `overselling` tinyint(1) DEFAULT 0,
  `option_id` int(11) DEFAULT NULL
) ENGINE=InnoDB DEFAULT CHARSET=utf8;

-- --------------------------------------------------------

--
-- Table structure for table `sma_currencies`
--

CREATE TABLE `sma_currencies` (
  `id` int(11) NOT NULL,
  `code` varchar(5) NOT NULL,
  `name` varchar(55) NOT NULL,
  `rate` decimal(12,4) NOT NULL,
  `auto_update` tinyint(1) NOT NULL DEFAULT 0,
  `symbol` varchar(50) DEFAULT NULL
) ENGINE=InnoDB DEFAULT CHARSET=utf8;

--
-- Dumping data for table `sma_currencies`
--

INSERT INTO `sma_currencies` (`id`, `code`, `name`, `rate`, `auto_update`, `symbol`) VALUES
(1, 'USD', 'US Dollar', '1.0000', 0, NULL),
(2, 'ERU', 'EURO', '0.7340', 0, NULL);

-- --------------------------------------------------------

--
-- Table structure for table `sma_customer_groups`
--

CREATE TABLE `sma_customer_groups` (
  `id` int(11) NOT NULL,
  `name` varchar(100) NOT NULL,
  `percent` int(11) NOT NULL
) ENGINE=InnoDB DEFAULT CHARSET=utf8;

--
-- Dumping data for table `sma_customer_groups`
--

INSERT INTO `sma_customer_groups` (`id`, `name`, `percent`) VALUES
(1, 'General', 0),
(2, 'Reseller', -5),
(3, 'Distributor', -15),
(4, 'New Customer (+10)', 10);

-- --------------------------------------------------------

--
-- Table structure for table `sma_date_format`
--

CREATE TABLE `sma_date_format` (
  `id` int(11) NOT NULL,
  `js` varchar(20) NOT NULL,
  `php` varchar(20) NOT NULL,
  `sql` varchar(20) DEFAULT NULL
) ENGINE=InnoDB DEFAULT CHARSET=utf8;

--
-- Dumping data for table `sma_date_format`
--

INSERT INTO `sma_date_format` (`id`, `js`, `php`, `sql`) VALUES
(1, 'mm-dd-yyyy', 'm-d-Y', '%m-%d-%Y'),
(2, 'mm/dd/yyyy', 'm/d/Y', '%m/%d/%Y'),
(3, 'mm.dd.yyyy', 'm.d.Y', '%m.%d.%Y'),
(4, 'dd-mm-yyyy', 'd-m-Y', '%d-%m-%Y'),
(5, 'dd/mm/yyyy', 'd/m/Y', '%d/%m/%Y'),
(6, 'dd.mm.yyyy', 'd.m.Y', '%d.%m.%Y');

-- --------------------------------------------------------

--
-- Table structure for table `sma_deliveries`
--

CREATE TABLE `sma_deliveries` (
  `id` int(11) NOT NULL,
  `date` timestamp NOT NULL DEFAULT current_timestamp(),
  `sale_id` int(11) NOT NULL,
  `do_reference_no` varchar(50) NOT NULL,
  `sale_reference_no` varchar(50) NOT NULL,
  `customer` varchar(55) NOT NULL,
  `address` varchar(1000) NOT NULL,
  `note` varchar(1000) DEFAULT NULL,
  `status` varchar(15) DEFAULT NULL,
  `attachment` varchar(50) DEFAULT NULL,
  `delivered_by` varchar(50) DEFAULT NULL,
  `received_by` varchar(50) DEFAULT NULL,
  `created_by` int(11) DEFAULT NULL,
  `updated_by` int(11) DEFAULT NULL,
  `updated_at` timestamp NULL DEFAULT NULL
) ENGINE=InnoDB DEFAULT CHARSET=utf8;

-- --------------------------------------------------------

--
-- Table structure for table `sma_deposits`
--

CREATE TABLE `sma_deposits` (
  `id` int(11) NOT NULL,
  `date` timestamp NOT NULL DEFAULT current_timestamp(),
  `company_id` int(11) NOT NULL,
  `amount` decimal(25,4) NOT NULL,
  `paid_by` varchar(50) DEFAULT NULL,
  `note` varchar(255) DEFAULT NULL,
  `created_by` int(11) NOT NULL,
  `updated_by` int(11) NOT NULL,
  `updated_at` datetime DEFAULT NULL
) ENGINE=InnoDB DEFAULT CHARSET=utf8;

-- --------------------------------------------------------

--
-- Table structure for table `sma_expenses`
--

CREATE TABLE `sma_expenses` (
  `id` int(11) NOT NULL,
  `date` timestamp NOT NULL DEFAULT current_timestamp(),
  `reference` varchar(50) NOT NULL,
  `amount` decimal(25,4) NOT NULL,
  `note` varchar(1000) DEFAULT NULL,
  `created_by` varchar(55) NOT NULL,
  `attachment` varchar(55) DEFAULT NULL,
  `category_id` int(11) DEFAULT NULL,
  `warehouse_id` int(11) DEFAULT NULL
) ENGINE=InnoDB DEFAULT CHARSET=utf8;

-- --------------------------------------------------------

--
-- Table structure for table `sma_expense_categories`
--

CREATE TABLE `sma_expense_categories` (
  `id` int(11) NOT NULL,
  `code` varchar(55) NOT NULL,
  `name` varchar(55) NOT NULL
) ENGINE=InnoDB DEFAULT CHARSET=utf8;

-- --------------------------------------------------------

--
-- Table structure for table `sma_gift_cards`
--

CREATE TABLE `sma_gift_cards` (
  `id` int(11) NOT NULL,
  `date` timestamp NOT NULL DEFAULT current_timestamp(),
  `card_no` varchar(20) NOT NULL,
  `value` decimal(25,4) NOT NULL,
  `customer_id` int(11) DEFAULT NULL,
  `customer` varchar(255) DEFAULT NULL,
  `balance` decimal(25,4) NOT NULL,
  `expiry` date DEFAULT NULL,
  `created_by` varchar(55) NOT NULL
) ENGINE=InnoDB DEFAULT CHARSET=utf8;

-- --------------------------------------------------------

--
-- Table structure for table `sma_gift_card_topups`
--

CREATE TABLE `sma_gift_card_topups` (
  `id` int(11) NOT NULL,
  `date` timestamp NOT NULL DEFAULT current_timestamp() ON UPDATE current_timestamp(),
  `card_id` int(11) NOT NULL,
  `amount` decimal(15,4) NOT NULL,
  `created_by` int(11) NOT NULL
) ENGINE=InnoDB DEFAULT CHARSET=utf8;

-- --------------------------------------------------------

--
-- Table structure for table `sma_groups`
--

CREATE TABLE `sma_groups` (
  `id` mediumint(8) UNSIGNED NOT NULL,
  `name` varchar(20) NOT NULL,
  `description` varchar(100) NOT NULL
) ENGINE=InnoDB DEFAULT CHARSET=utf8;

--
-- Dumping data for table `sma_groups`
--

INSERT INTO `sma_groups` (`id`, `name`, `description`) VALUES
(1, 'owner', 'Owner'),
(2, 'admin', 'Administrator'),
(3, 'customer', 'Customer'),
(4, 'supplier', 'Supplier'),
(5, 'sales', 'Sales Staff'),
(6, 'client', 'client can show limited feature.');

-- --------------------------------------------------------

--
-- Table structure for table `sma_login_attempts`
--

CREATE TABLE `sma_login_attempts` (
  `id` mediumint(8) UNSIGNED NOT NULL,
  `ip_address` varbinary(16) NOT NULL,
  `login` varchar(100) NOT NULL,
  `time` int(11) UNSIGNED DEFAULT NULL
) ENGINE=InnoDB DEFAULT CHARSET=utf8;

-- --------------------------------------------------------

--
-- Table structure for table `sma_migrations`
--

CREATE TABLE `sma_migrations` (
  `version` bigint(20) NOT NULL
) ENGINE=InnoDB DEFAULT CHARSET=utf8;

--
-- Dumping data for table `sma_migrations`
--

INSERT INTO `sma_migrations` (`version`) VALUES
(315);

-- --------------------------------------------------------

--
-- Table structure for table `sma_notifications`
--

CREATE TABLE `sma_notifications` (
  `id` int(11) NOT NULL,
  `comment` text NOT NULL,
  `date` timestamp NOT NULL DEFAULT current_timestamp(),
  `from_date` datetime DEFAULT NULL,
  `till_date` datetime DEFAULT NULL,
  `scope` tinyint(1) NOT NULL DEFAULT 3
) ENGINE=InnoDB DEFAULT CHARSET=utf8;

--
-- Dumping data for table `sma_notifications`
--

INSERT INTO `sma_notifications` (`id`, `comment`, `date`, `from_date`, `till_date`, `scope`) VALUES
(1, '<p>Thank you for purchasing Stock Manager Advance. Please don\'t forget to check the documentation in help folder. If you find any error/bug, please email to support@tecdiary.com with details. You can send us your valued suggestions/feedback too.</p><p>Please rate Stock Manager Advance on your download page of codecanyon.net</p>', '2014-08-15 00:30:57', '2015-01-01 00:00:00', '2017-01-01 00:00:00', 3);

-- --------------------------------------------------------

--
-- Table structure for table `sma_order_ref`
--

CREATE TABLE `sma_order_ref` (
  `ref_id` int(11) NOT NULL,
  `date` date NOT NULL,
  `so` int(11) NOT NULL DEFAULT 1,
  `qu` int(11) NOT NULL DEFAULT 1,
  `po` int(11) NOT NULL DEFAULT 1,
  `to` int(11) NOT NULL DEFAULT 1,
  `pos` int(11) NOT NULL DEFAULT 1,
  `do` int(11) NOT NULL DEFAULT 1,
  `pay` int(11) NOT NULL DEFAULT 1,
  `re` int(11) NOT NULL DEFAULT 1,
  `rep` int(11) NOT NULL DEFAULT 1,
  `ex` int(11) NOT NULL DEFAULT 1,
  `ppay` int(11) NOT NULL DEFAULT 1,
  `qa` int(11) DEFAULT 1
) ENGINE=InnoDB DEFAULT CHARSET=utf8;

--
-- Dumping data for table `sma_order_ref`
--

INSERT INTO `sma_order_ref` (`ref_id`, `date`, `so`, `qu`, `po`, `to`, `pos`, `do`, `pay`, `re`, `rep`, `ex`, `ppay`, `qa`) VALUES
(1, '2015-03-01', 1, 1, 1, 1, 1, 1, 1, 1, 1, 1, 1, 1);

-- --------------------------------------------------------

--
-- Table structure for table `sma_payments`
--

CREATE TABLE `sma_payments` (
  `id` int(11) NOT NULL,
  `date` timestamp NULL DEFAULT current_timestamp(),
  `sale_id` int(11) DEFAULT NULL,
  `return_id` int(11) DEFAULT NULL,
  `purchase_id` int(11) DEFAULT NULL,
  `reference_no` varchar(50) NOT NULL,
  `transaction_id` varchar(50) DEFAULT NULL,
  `paid_by` varchar(20) NOT NULL,
  `cheque_no` varchar(20) DEFAULT NULL,
  `cc_no` varchar(20) DEFAULT NULL,
  `cc_holder` varchar(25) DEFAULT NULL,
  `cc_month` varchar(2) DEFAULT NULL,
  `cc_year` varchar(4) DEFAULT NULL,
  `cc_type` varchar(20) DEFAULT NULL,
  `amount` decimal(25,4) NOT NULL,
  `currency` varchar(3) DEFAULT NULL,
  `created_by` int(11) NOT NULL,
  `attachment` varchar(55) DEFAULT NULL,
  `type` varchar(20) NOT NULL,
  `note` varchar(1000) DEFAULT NULL,
  `pos_paid` decimal(25,4) DEFAULT 0.0000,
  `pos_balance` decimal(25,4) DEFAULT 0.0000,
  `approval_code` varchar(50) DEFAULT NULL
) ENGINE=InnoDB DEFAULT CHARSET=utf8;

-- --------------------------------------------------------

--
-- Table structure for table `sma_paypal`
--

CREATE TABLE `sma_paypal` (
  `id` int(11) NOT NULL,
  `active` tinyint(4) NOT NULL,
  `account_email` varchar(255) NOT NULL,
  `paypal_currency` varchar(3) NOT NULL DEFAULT 'USD',
  `fixed_charges` decimal(25,4) NOT NULL DEFAULT 2.0000,
  `extra_charges_my` decimal(25,4) NOT NULL DEFAULT 3.9000,
  `extra_charges_other` decimal(25,4) NOT NULL DEFAULT 4.4000
) ENGINE=InnoDB DEFAULT CHARSET=utf8;

--
-- Dumping data for table `sma_paypal`
--

INSERT INTO `sma_paypal` (`id`, `active`, `account_email`, `paypal_currency`, `fixed_charges`, `extra_charges_my`, `extra_charges_other`) VALUES
(1, 1, 'mypaypal@paypal.com', 'USD', '0.0000', '0.0000', '0.0000');

-- --------------------------------------------------------

--
-- Table structure for table `sma_permissions`
--

CREATE TABLE `sma_permissions` (
  `id` int(11) NOT NULL,
  `group_id` int(11) NOT NULL,
  `products-index` tinyint(1) DEFAULT 0,
  `products-add` tinyint(1) DEFAULT 0,
  `products-edit` tinyint(1) DEFAULT 0,
  `products-delete` tinyint(1) DEFAULT 0,
  `products-cost` tinyint(1) DEFAULT 0,
  `products-price` tinyint(1) DEFAULT 0,
  `quotes-index` tinyint(1) DEFAULT 0,
  `quotes-add` tinyint(1) DEFAULT 0,
  `quotes-edit` tinyint(1) DEFAULT 0,
  `quotes-pdf` tinyint(1) DEFAULT 0,
  `quotes-email` tinyint(1) DEFAULT 0,
  `quotes-delete` tinyint(1) DEFAULT 0,
  `sales-index` tinyint(1) DEFAULT 0,
  `sales-add` tinyint(1) DEFAULT 0,
  `sales-edit` tinyint(1) DEFAULT 0,
  `sales-pdf` tinyint(1) DEFAULT 0,
  `sales-email` tinyint(1) DEFAULT 0,
  `sales-delete` tinyint(1) DEFAULT 0,
  `purchases-index` tinyint(1) DEFAULT 0,
  `purchases-add` tinyint(1) DEFAULT 0,
  `purchases-edit` tinyint(1) DEFAULT 0,
  `purchases-pdf` tinyint(1) DEFAULT 0,
  `purchases-email` tinyint(1) DEFAULT 0,
  `purchases-delete` tinyint(1) DEFAULT 0,
  `transfers-index` tinyint(1) DEFAULT 0,
  `transfers-add` tinyint(1) DEFAULT 0,
  `transfers-edit` tinyint(1) DEFAULT 0,
  `transfers-pdf` tinyint(1) DEFAULT 0,
  `transfers-email` tinyint(1) DEFAULT 0,
  `transfers-delete` tinyint(1) DEFAULT 0,
  `customers-index` tinyint(1) DEFAULT 0,
  `customers-add` tinyint(1) DEFAULT 0,
  `customers-edit` tinyint(1) DEFAULT 0,
  `customers-delete` tinyint(1) DEFAULT 0,
  `suppliers-index` tinyint(1) DEFAULT 0,
  `suppliers-add` tinyint(1) DEFAULT 0,
  `suppliers-edit` tinyint(1) DEFAULT 0,
  `suppliers-delete` tinyint(1) DEFAULT 0,
  `sales-deliveries` tinyint(1) DEFAULT 0,
  `sales-add_delivery` tinyint(1) DEFAULT 0,
  `sales-edit_delivery` tinyint(1) DEFAULT 0,
  `sales-delete_delivery` tinyint(1) DEFAULT 0,
  `sales-email_delivery` tinyint(1) DEFAULT 0,
  `sales-pdf_delivery` tinyint(1) DEFAULT 0,
  `sales-gift_cards` tinyint(1) DEFAULT 0,
  `sales-add_gift_card` tinyint(1) DEFAULT 0,
  `sales-edit_gift_card` tinyint(1) DEFAULT 0,
  `sales-delete_gift_card` tinyint(1) DEFAULT 0,
  `pos-index` tinyint(1) DEFAULT 0,
  `sales-return_sales` tinyint(1) DEFAULT 0,
  `reports-index` tinyint(1) DEFAULT 0,
  `reports-warehouse_stock` tinyint(1) DEFAULT 0,
  `reports-quantity_alerts` tinyint(1) DEFAULT 0,
  `reports-expiry_alerts` tinyint(1) DEFAULT 0,
  `reports-products` tinyint(1) DEFAULT 0,
  `reports-daily_sales` tinyint(1) DEFAULT 0,
  `reports-monthly_sales` tinyint(1) DEFAULT 0,
  `reports-sales` tinyint(1) DEFAULT 0,
  `reports-payments` tinyint(1) DEFAULT 0,
  `reports-purchases` tinyint(1) DEFAULT 0,
  `reports-profit_loss` tinyint(1) DEFAULT 0,
  `reports-customers` tinyint(1) DEFAULT 0,
  `reports-suppliers` tinyint(1) DEFAULT 0,
  `reports-staff` tinyint(1) DEFAULT 0,
  `reports-register` tinyint(1) DEFAULT 0,
  `sales-payments` tinyint(1) DEFAULT 0,
  `purchases-payments` tinyint(1) DEFAULT 0,
  `purchases-expenses` tinyint(1) DEFAULT 0,
  `products-adjustments` tinyint(1) NOT NULL DEFAULT 0,
  `bulk_actions` tinyint(1) NOT NULL DEFAULT 0,
  `customers-deposits` tinyint(1) NOT NULL DEFAULT 0,
  `customers-delete_deposit` tinyint(1) NOT NULL DEFAULT 0,
  `products-barcode` tinyint(1) NOT NULL DEFAULT 0,
  `purchases-return_purchases` tinyint(1) NOT NULL DEFAULT 0,
  `reports-expenses` tinyint(1) NOT NULL DEFAULT 0,
  `reports-daily_purchases` tinyint(1) DEFAULT 0,
  `reports-monthly_purchases` tinyint(1) DEFAULT 0,
  `products-stock_count` tinyint(1) DEFAULT 0,
  `edit_price` tinyint(1) DEFAULT 0,
  `returns-index` tinyint(1) DEFAULT 0,
  `returns-add` tinyint(1) DEFAULT 0,
  `returns-edit` tinyint(1) DEFAULT 0,
  `returns-delete` tinyint(1) DEFAULT 0,
  `returns-email` tinyint(1) DEFAULT 0,
  `returns-pdf` tinyint(1) DEFAULT 0,
  `reports-tax` tinyint(1) DEFAULT 0
) ENGINE=InnoDB DEFAULT CHARSET=utf8;

--
-- Dumping data for table `sma_permissions`
--

INSERT INTO `sma_permissions` (`id`, `group_id`, `products-index`, `products-add`, `products-edit`, `products-delete`, `products-cost`, `products-price`, `quotes-index`, `quotes-add`, `quotes-edit`, `quotes-pdf`, `quotes-email`, `quotes-delete`, `sales-index`, `sales-add`, `sales-edit`, `sales-pdf`, `sales-email`, `sales-delete`, `purchases-index`, `purchases-add`, `purchases-edit`, `purchases-pdf`, `purchases-email`, `purchases-delete`, `transfers-index`, `transfers-add`, `transfers-edit`, `transfers-pdf`, `transfers-email`, `transfers-delete`, `customers-index`, `customers-add`, `customers-edit`, `customers-delete`, `suppliers-index`, `suppliers-add`, `suppliers-edit`, `suppliers-delete`, `sales-deliveries`, `sales-add_delivery`, `sales-edit_delivery`, `sales-delete_delivery`, `sales-email_delivery`, `sales-pdf_delivery`, `sales-gift_cards`, `sales-add_gift_card`, `sales-edit_gift_card`, `sales-delete_gift_card`, `pos-index`, `sales-return_sales`, `reports-index`, `reports-warehouse_stock`, `reports-quantity_alerts`, `reports-expiry_alerts`, `reports-products`, `reports-daily_sales`, `reports-monthly_sales`, `reports-sales`, `reports-payments`, `reports-purchases`, `reports-profit_loss`, `reports-customers`, `reports-suppliers`, `reports-staff`, `reports-register`, `sales-payments`, `purchases-payments`, `purchases-expenses`, `products-adjustments`, `bulk_actions`, `customers-deposits`, `customers-delete_deposit`, `products-barcode`, `purchases-return_purchases`, `reports-expenses`, `reports-daily_purchases`, `reports-monthly_purchases`, `products-stock_count`, `edit_price`, `returns-index`, `returns-add`, `returns-edit`, `returns-delete`, `returns-email`, `returns-pdf`, `reports-tax`) VALUES
(1, 5, 1, 0, 0, 0, 0, 0, 1, 1, 1, 1, 1, 0, 1, 1, 0, 1, 1, 0, 0, 0, 0, 0, 0, 0, 0, 0, 0, 0, 0, 0, 1, 1, 1, 0, 0, 0, 0, 0, 1, 1, 1, 0, 0, 1, 1, 1, 0, 0, 1, 0, 0, 0, 0, 0, 0, 0, 0, 0, 0, 0, 0, 0, 0, 0, 0, 0, 0, 0, 0, 0, 0, 0, 0, 0, 0, 0, 0, 0, 0, 0, 0, 0, 0, 0, 0, 0),
(2, 6, 1, 1, 1, 1, 1, 1, NULL, NULL, NULL, NULL, NULL, NULL, 1, 1, 1, 1, 1, 1, 1, 1, 1, 1, 1, 1, NULL, NULL, NULL, NULL, NULL, NULL, 1, 1, 1, 1, NULL, NULL, NULL, NULL, 1, 1, 1, 1, NULL, 1, NULL, NULL, NULL, NULL, 1, 1, 0, 0, 1, 1, 1, 1, 1, 1, 1, NULL, 0, 1, 1, 0, 0, 1, 1, 1, 1, 0, 1, 0, 1, 1, 1, 1, 1, 1, NULL, NULL, NULL, NULL, NULL, NULL, NULL, 1);

-- --------------------------------------------------------

--
-- Table structure for table `sma_pos_register`
--

CREATE TABLE `sma_pos_register` (
  `id` int(11) NOT NULL,
  `date` timestamp NOT NULL DEFAULT current_timestamp(),
  `user_id` int(11) NOT NULL,
  `cash_in_hand` decimal(25,4) NOT NULL,
  `status` varchar(10) NOT NULL,
  `total_cash` decimal(25,4) DEFAULT NULL,
  `total_cheques` int(11) DEFAULT NULL,
  `total_cc_slips` int(11) DEFAULT NULL,
  `total_cash_submitted` decimal(25,4) DEFAULT NULL,
  `total_cheques_submitted` int(11) DEFAULT NULL,
  `total_cc_slips_submitted` int(11) DEFAULT NULL,
  `note` text DEFAULT NULL,
  `closed_at` timestamp NULL DEFAULT NULL,
  `transfer_opened_bills` varchar(50) DEFAULT NULL,
  `closed_by` int(11) DEFAULT NULL
) ENGINE=InnoDB DEFAULT CHARSET=utf8;

-- --------------------------------------------------------

--
-- Table structure for table `sma_pos_settings`
--

CREATE TABLE `sma_pos_settings` (
  `pos_id` int(1) NOT NULL,
  `cat_limit` int(11) NOT NULL,
  `pro_limit` int(11) NOT NULL,
  `default_category` int(11) NOT NULL,
  `default_customer` int(11) NOT NULL,
  `default_biller` int(11) NOT NULL,
  `display_time` varchar(3) NOT NULL DEFAULT 'yes',
  `cf_title1` varchar(255) DEFAULT NULL,
  `cf_title2` varchar(255) DEFAULT NULL,
  `cf_value1` varchar(255) DEFAULT NULL,
  `cf_value2` varchar(255) DEFAULT NULL,
  `receipt_printer` varchar(55) DEFAULT NULL,
  `cash_drawer_codes` varchar(55) DEFAULT NULL,
  `focus_add_item` varchar(55) DEFAULT NULL,
  `add_manual_product` varchar(55) DEFAULT NULL,
  `customer_selection` varchar(55) DEFAULT NULL,
  `add_customer` varchar(55) DEFAULT NULL,
  `toggle_category_slider` varchar(55) DEFAULT NULL,
  `toggle_subcategory_slider` varchar(55) DEFAULT NULL,
  `cancel_sale` varchar(55) DEFAULT NULL,
  `suspend_sale` varchar(55) DEFAULT NULL,
  `print_items_list` varchar(55) DEFAULT NULL,
  `finalize_sale` varchar(55) DEFAULT NULL,
  `today_sale` varchar(55) DEFAULT NULL,
  `open_hold_bills` varchar(55) DEFAULT NULL,
  `close_register` varchar(55) DEFAULT NULL,
  `keyboard` tinyint(1) NOT NULL,
  `pos_printers` varchar(255) DEFAULT NULL,
  `java_applet` tinyint(1) NOT NULL,
  `product_button_color` varchar(20) NOT NULL DEFAULT 'default',
  `tooltips` tinyint(1) DEFAULT 1,
  `paypal_pro` tinyint(1) DEFAULT 0,
  `stripe` tinyint(1) DEFAULT 0,
  `rounding` tinyint(1) DEFAULT 0,
  `char_per_line` tinyint(4) DEFAULT 42,
  `pin_code` varchar(20) DEFAULT NULL,
  `purchase_code` varchar(100) DEFAULT 'purchase_code',
  `envato_username` varchar(50) DEFAULT 'envato_username',
  `version` varchar(10) DEFAULT '3.2.14',
  `after_sale_page` tinyint(1) DEFAULT 0,
  `item_order` tinyint(1) DEFAULT 0,
  `authorize` tinyint(1) DEFAULT 0,
  `toggle_brands_slider` varchar(55) DEFAULT NULL,
  `remote_printing` tinyint(1) DEFAULT 1,
  `printer` int(11) DEFAULT NULL,
  `order_printers` varchar(55) DEFAULT NULL,
  `auto_print` tinyint(1) DEFAULT 0,
  `customer_details` tinyint(1) DEFAULT NULL,
  `local_printers` tinyint(1) DEFAULT NULL
) ENGINE=InnoDB DEFAULT CHARSET=utf8;

--
-- Dumping data for table `sma_pos_settings`
--

INSERT INTO `sma_pos_settings` (`pos_id`, `cat_limit`, `pro_limit`, `default_category`, `default_customer`, `default_biller`, `display_time`, `cf_title1`, `cf_title2`, `cf_value1`, `cf_value2`, `receipt_printer`, `cash_drawer_codes`, `focus_add_item`, `add_manual_product`, `customer_selection`, `add_customer`, `toggle_category_slider`, `toggle_subcategory_slider`, `cancel_sale`, `suspend_sale`, `print_items_list`, `finalize_sale`, `today_sale`, `open_hold_bills`, `close_register`, `keyboard`, `pos_printers`, `java_applet`, `product_button_color`, `tooltips`, `paypal_pro`, `stripe`, `rounding`, `char_per_line`, `pin_code`, `purchase_code`, `envato_username`, `version`, `after_sale_page`, `item_order`, `authorize`, `toggle_brands_slider`, `remote_printing`, `printer`, `order_printers`, `auto_print`, `customer_details`, `local_printers`) VALUES
(1, 22, 20, 1, 1, 3, '1', 'GST Reg', 'VAT Reg', '123456789', '987654321', 'BIXOLON SRP-350II', 'x1C', 'Ctrl+F3', 'Ctrl+Shift+M', 'Ctrl+Shift+C', 'Ctrl+Shift+A', 'Ctrl+F11', 'Ctrl+F12', 'F4', 'F7', 'F9', 'F8', 'Ctrl+F1', 'Ctrl+F2', 'Ctrl+F10', 1, 'BIXOLON SRP-350II, BIXOLON SRP-350II', 0, 'default', 1, 0, 0, 0, 42, NULL, 'purchase_code', 'envato_username', '3.2.14', 0, 0, 0, NULL, 1, NULL, NULL, 0, NULL, NULL);

-- --------------------------------------------------------

--
-- Table structure for table `sma_price_groups`
--

CREATE TABLE `sma_price_groups` (
  `id` int(11) NOT NULL,
  `name` varchar(50) NOT NULL
) ENGINE=InnoDB DEFAULT CHARSET=utf8;

--
-- Dumping data for table `sma_price_groups`
--

INSERT INTO `sma_price_groups` (`id`, `name`) VALUES
(1, 'Default');

-- --------------------------------------------------------

--
-- Table structure for table `sma_printers`
--

CREATE TABLE `sma_printers` (
  `id` int(11) NOT NULL,
  `title` varchar(55) NOT NULL,
  `type` varchar(25) NOT NULL,
  `profile` varchar(25) NOT NULL,
  `char_per_line` tinyint(3) UNSIGNED DEFAULT NULL,
  `path` varchar(255) DEFAULT NULL,
  `ip_address` varbinary(45) DEFAULT NULL,
  `port` varchar(10) DEFAULT NULL
) ENGINE=InnoDB DEFAULT CHARSET=utf8;

-- --------------------------------------------------------

--
-- Table structure for table `sma_products`
--

CREATE TABLE `sma_products` (
  `id` int(11) NOT NULL,
  `code` varchar(50) NOT NULL,
  `name` varchar(255) NOT NULL,
  `unit` int(11) DEFAULT NULL,
  `cost` decimal(25,4) DEFAULT NULL,
  `price` decimal(25,4) NOT NULL,
  `alert_quantity` decimal(15,4) DEFAULT 20.0000,
  `image` varchar(255) DEFAULT 'no_image.png',
  `category_id` int(11) NOT NULL,
  `subcategory_id` int(11) DEFAULT NULL,
  `cf1` varchar(255) DEFAULT NULL,
  `cf2` varchar(255) DEFAULT NULL,
  `cf3` varchar(255) DEFAULT NULL,
  `cf4` varchar(255) DEFAULT NULL,
  `cf5` varchar(255) DEFAULT NULL,
  `cf6` varchar(255) DEFAULT NULL,
  `quantity` decimal(15,4) DEFAULT 0.0000,
  `tax_rate` int(11) DEFAULT NULL,
  `track_quantity` tinyint(1) DEFAULT 1,
  `details` varchar(1000) DEFAULT NULL,
  `warehouse` int(11) DEFAULT NULL,
  `barcode_symbology` varchar(55) NOT NULL DEFAULT 'code128',
  `file` varchar(100) DEFAULT NULL,
  `product_details` text DEFAULT NULL,
  `tax_method` tinyint(1) DEFAULT 0,
  `type` varchar(55) NOT NULL DEFAULT 'standard',
  `supplier1` int(11) DEFAULT NULL,
  `supplier1price` decimal(25,4) DEFAULT NULL,
  `supplier2` int(11) DEFAULT NULL,
  `supplier2price` decimal(25,4) DEFAULT NULL,
  `supplier3` int(11) DEFAULT NULL,
  `supplier3price` decimal(25,4) DEFAULT NULL,
  `supplier4` int(11) DEFAULT NULL,
  `supplier4price` decimal(25,4) DEFAULT NULL,
  `supplier5` int(11) DEFAULT NULL,
  `supplier5price` decimal(25,4) DEFAULT NULL,
  `promotion` tinyint(1) DEFAULT 0,
  `promo_price` decimal(25,4) DEFAULT NULL,
  `start_date` date DEFAULT NULL,
  `end_date` date DEFAULT NULL,
  `supplier1_part_no` varchar(50) DEFAULT NULL,
  `supplier2_part_no` varchar(50) DEFAULT NULL,
  `supplier3_part_no` varchar(50) DEFAULT NULL,
  `supplier4_part_no` varchar(50) DEFAULT NULL,
  `supplier5_part_no` varchar(50) DEFAULT NULL,
  `sale_unit` int(11) DEFAULT NULL,
  `purchase_unit` int(11) DEFAULT NULL,
  `brand` int(11) DEFAULT NULL,
  `slug` varchar(55) DEFAULT NULL,
  `featured` tinyint(1) DEFAULT NULL,
  `weight` decimal(10,4) DEFAULT NULL,
  `hsn_code` int(11) DEFAULT NULL,
  `views` int(11) NOT NULL DEFAULT 0,
  `hide` tinyint(1) NOT NULL DEFAULT 0,
  `second_name` varchar(255) DEFAULT NULL
) ENGINE=InnoDB DEFAULT CHARSET=utf8;

-- --------------------------------------------------------

--
-- Table structure for table `sma_product_photos`
--

CREATE TABLE `sma_product_photos` (
  `id` int(11) NOT NULL,
  `product_id` int(11) NOT NULL,
  `photo` varchar(100) NOT NULL
) ENGINE=InnoDB DEFAULT CHARSET=utf8;

-- --------------------------------------------------------

--
-- Table structure for table `sma_product_prices`
--

CREATE TABLE `sma_product_prices` (
  `id` int(11) NOT NULL,
  `product_id` int(11) NOT NULL,
  `price_group_id` int(11) NOT NULL,
  `price` decimal(25,4) NOT NULL
) ENGINE=InnoDB DEFAULT CHARSET=utf8;

-- --------------------------------------------------------

--
-- Table structure for table `sma_product_variants`
--

CREATE TABLE `sma_product_variants` (
  `id` int(11) NOT NULL,
  `product_id` int(11) NOT NULL,
  `name` varchar(55) NOT NULL,
  `cost` decimal(25,4) DEFAULT NULL,
  `price` decimal(25,4) DEFAULT NULL,
  `quantity` decimal(15,4) DEFAULT NULL
) ENGINE=InnoDB DEFAULT CHARSET=utf8;

-- --------------------------------------------------------

--
-- Table structure for table `sma_purchases`
--

CREATE TABLE `sma_purchases` (
  `id` int(11) NOT NULL,
  `reference_no` varchar(55) NOT NULL,
  `date` timestamp NOT NULL DEFAULT current_timestamp(),
  `supplier_id` int(11) NOT NULL,
  `supplier` varchar(55) NOT NULL,
  `warehouse_id` int(11) NOT NULL,
  `note` varchar(1000) NOT NULL,
  `total` decimal(25,4) DEFAULT NULL,
  `product_discount` decimal(25,4) DEFAULT NULL,
  `order_discount_id` varchar(20) DEFAULT NULL,
  `order_discount` decimal(25,4) DEFAULT NULL,
  `total_discount` decimal(25,4) DEFAULT NULL,
  `product_tax` decimal(25,4) DEFAULT NULL,
  `order_tax_id` int(11) DEFAULT NULL,
  `order_tax` decimal(25,4) DEFAULT NULL,
  `total_tax` decimal(25,4) DEFAULT 0.0000,
  `shipping` decimal(25,4) DEFAULT 0.0000,
  `grand_total` decimal(25,4) NOT NULL,
  `paid` decimal(25,4) NOT NULL DEFAULT 0.0000,
  `status` varchar(55) DEFAULT '',
  `payment_status` varchar(20) DEFAULT 'pending',
  `created_by` int(11) DEFAULT NULL,
  `updated_by` int(11) DEFAULT NULL,
  `updated_at` timestamp NULL DEFAULT NULL,
  `attachment` varchar(55) DEFAULT NULL,
  `payment_term` tinyint(4) DEFAULT NULL,
  `due_date` date DEFAULT NULL,
  `return_id` int(11) DEFAULT NULL,
  `surcharge` decimal(25,4) NOT NULL DEFAULT 0.0000,
  `return_purchase_ref` varchar(55) DEFAULT NULL,
  `purchase_id` int(11) DEFAULT NULL,
  `return_purchase_total` decimal(25,4) NOT NULL DEFAULT 0.0000,
  `cgst` decimal(25,4) DEFAULT NULL,
  `sgst` decimal(25,4) DEFAULT NULL,
  `igst` decimal(25,4) DEFAULT NULL
) ENGINE=InnoDB DEFAULT CHARSET=utf8;

-- --------------------------------------------------------

--
-- Table structure for table `sma_purchase_items`
--

CREATE TABLE `sma_purchase_items` (
  `id` int(11) NOT NULL,
  `purchase_id` int(11) DEFAULT NULL,
  `transfer_id` int(11) DEFAULT NULL,
  `product_id` int(11) NOT NULL,
  `product_code` varchar(50) NOT NULL,
  `product_name` varchar(255) NOT NULL,
  `option_id` int(11) DEFAULT NULL,
  `net_unit_cost` decimal(25,4) NOT NULL,
  `quantity` decimal(15,4) NOT NULL,
  `warehouse_id` int(11) NOT NULL,
  `item_tax` decimal(25,4) DEFAULT NULL,
  `tax_rate_id` int(11) DEFAULT NULL,
  `tax` varchar(20) DEFAULT NULL,
  `discount` varchar(20) DEFAULT NULL,
  `item_discount` decimal(25,4) DEFAULT NULL,
  `expiry` date DEFAULT NULL,
  `subtotal` decimal(25,4) NOT NULL,
  `quantity_balance` decimal(15,4) DEFAULT 0.0000,
  `date` date NOT NULL,
  `status` varchar(50) NOT NULL,
  `unit_cost` decimal(25,4) DEFAULT NULL,
  `real_unit_cost` decimal(25,4) DEFAULT NULL,
  `quantity_received` decimal(15,4) DEFAULT NULL,
  `supplier_part_no` varchar(50) DEFAULT NULL,
  `purchase_item_id` int(11) DEFAULT NULL,
  `product_unit_id` int(11) DEFAULT NULL,
  `product_unit_code` varchar(10) DEFAULT NULL,
  `unit_quantity` decimal(15,4) NOT NULL,
  `gst` varchar(20) DEFAULT NULL,
  `cgst` decimal(25,4) DEFAULT NULL,
  `sgst` decimal(25,4) DEFAULT NULL,
  `igst` decimal(25,4) DEFAULT NULL
) ENGINE=InnoDB DEFAULT CHARSET=utf8;

-- --------------------------------------------------------

--
-- Table structure for table `sma_quotes`
--

CREATE TABLE `sma_quotes` (
  `id` int(11) NOT NULL,
  `date` timestamp NOT NULL DEFAULT current_timestamp(),
  `reference_no` varchar(55) NOT NULL,
  `customer_id` int(11) NOT NULL,
  `customer` varchar(55) NOT NULL,
  `warehouse_id` int(11) DEFAULT NULL,
  `biller_id` int(11) NOT NULL,
  `biller` varchar(55) NOT NULL,
  `note` varchar(1000) DEFAULT NULL,
  `internal_note` varchar(1000) DEFAULT NULL,
  `total` decimal(25,4) NOT NULL,
  `product_discount` decimal(25,4) DEFAULT 0.0000,
  `order_discount` decimal(25,4) DEFAULT NULL,
  `order_discount_id` varchar(20) DEFAULT NULL,
  `total_discount` decimal(25,4) DEFAULT 0.0000,
  `product_tax` decimal(25,4) DEFAULT 0.0000,
  `order_tax_id` int(11) DEFAULT NULL,
  `order_tax` decimal(25,4) DEFAULT NULL,
  `total_tax` decimal(25,4) DEFAULT NULL,
  `shipping` decimal(25,4) DEFAULT 0.0000,
  `grand_total` decimal(25,4) NOT NULL,
  `status` varchar(20) DEFAULT NULL,
  `created_by` int(11) DEFAULT NULL,
  `updated_by` int(11) DEFAULT NULL,
  `updated_at` timestamp NULL DEFAULT NULL,
  `attachment` varchar(55) DEFAULT NULL,
  `supplier_id` int(11) DEFAULT NULL,
  `supplier` varchar(55) DEFAULT NULL,
  `hash` varchar(255) DEFAULT NULL,
  `cgst` decimal(25,4) DEFAULT NULL,
  `sgst` decimal(25,4) DEFAULT NULL,
  `igst` decimal(25,4) DEFAULT NULL
) ENGINE=InnoDB DEFAULT CHARSET=utf8;

-- --------------------------------------------------------

--
-- Table structure for table `sma_quote_items`
--

CREATE TABLE `sma_quote_items` (
  `id` int(11) NOT NULL,
  `quote_id` int(11) NOT NULL,
  `product_id` int(11) NOT NULL,
  `product_code` varchar(55) NOT NULL,
  `product_name` varchar(255) NOT NULL,
  `product_type` varchar(20) DEFAULT NULL,
  `option_id` int(11) DEFAULT NULL,
  `net_unit_price` decimal(25,4) NOT NULL,
  `unit_price` decimal(25,4) DEFAULT NULL,
  `quantity` decimal(15,4) NOT NULL,
  `warehouse_id` int(11) DEFAULT NULL,
  `item_tax` decimal(25,4) DEFAULT NULL,
  `tax_rate_id` int(11) DEFAULT NULL,
  `tax` varchar(55) DEFAULT NULL,
  `discount` varchar(55) DEFAULT NULL,
  `item_discount` decimal(25,4) DEFAULT NULL,
  `subtotal` decimal(25,4) NOT NULL,
  `serial_no` varchar(255) DEFAULT NULL,
  `real_unit_price` decimal(25,4) DEFAULT NULL,
  `product_unit_id` int(11) DEFAULT NULL,
  `product_unit_code` varchar(10) DEFAULT NULL,
  `unit_quantity` decimal(15,4) NOT NULL,
  `gst` varchar(20) DEFAULT NULL,
  `cgst` decimal(25,4) DEFAULT NULL,
  `sgst` decimal(25,4) DEFAULT NULL,
  `igst` decimal(25,4) DEFAULT NULL
) ENGINE=InnoDB DEFAULT CHARSET=utf8;

-- --------------------------------------------------------

--
-- Table structure for table `sma_returns`
--

CREATE TABLE `sma_returns` (
  `id` int(11) NOT NULL,
  `date` timestamp NOT NULL DEFAULT current_timestamp(),
  `reference_no` varchar(55) NOT NULL,
  `customer_id` int(11) NOT NULL,
  `customer` varchar(55) NOT NULL,
  `biller_id` int(11) NOT NULL,
  `biller` varchar(55) NOT NULL,
  `warehouse_id` int(11) DEFAULT NULL,
  `note` varchar(1000) DEFAULT NULL,
  `staff_note` varchar(1000) DEFAULT NULL,
  `total` decimal(25,4) NOT NULL,
  `product_discount` decimal(25,4) DEFAULT 0.0000,
  `order_discount_id` varchar(20) DEFAULT NULL,
  `total_discount` decimal(25,4) DEFAULT 0.0000,
  `order_discount` decimal(25,4) DEFAULT 0.0000,
  `product_tax` decimal(25,4) DEFAULT 0.0000,
  `order_tax_id` int(11) DEFAULT NULL,
  `order_tax` decimal(25,4) DEFAULT 0.0000,
  `total_tax` decimal(25,4) DEFAULT 0.0000,
  `grand_total` decimal(25,4) NOT NULL,
  `created_by` int(11) DEFAULT NULL,
  `updated_by` int(11) DEFAULT NULL,
  `updated_at` timestamp NULL DEFAULT NULL,
  `total_items` smallint(6) DEFAULT NULL,
  `paid` decimal(25,4) DEFAULT 0.0000,
  `surcharge` decimal(25,4) NOT NULL DEFAULT 0.0000,
  `attachment` varchar(55) DEFAULT NULL,
  `hash` varchar(255) DEFAULT NULL,
  `cgst` decimal(25,4) DEFAULT NULL,
  `sgst` decimal(25,4) DEFAULT NULL,
  `igst` decimal(25,4) DEFAULT NULL
) ENGINE=InnoDB DEFAULT CHARSET=utf8;

-- --------------------------------------------------------

--
-- Table structure for table `sma_return_items`
--

CREATE TABLE `sma_return_items` (
  `id` int(11) NOT NULL,
  `return_id` int(11) UNSIGNED NOT NULL,
  `product_id` int(11) UNSIGNED NOT NULL,
  `product_code` varchar(55) NOT NULL,
  `product_name` varchar(255) NOT NULL,
  `product_type` varchar(20) DEFAULT NULL,
  `option_id` int(11) DEFAULT NULL,
  `net_unit_price` decimal(25,4) NOT NULL,
  `unit_price` decimal(25,4) DEFAULT NULL,
  `quantity` decimal(15,4) NOT NULL,
  `warehouse_id` int(11) DEFAULT NULL,
  `item_tax` decimal(25,4) DEFAULT NULL,
  `tax_rate_id` int(11) DEFAULT NULL,
  `tax` varchar(55) DEFAULT NULL,
  `discount` varchar(55) DEFAULT NULL,
  `item_discount` decimal(25,4) DEFAULT NULL,
  `subtotal` decimal(25,4) NOT NULL,
  `serial_no` varchar(255) DEFAULT NULL,
  `real_unit_price` decimal(25,4) DEFAULT NULL,
  `product_unit_id` int(11) DEFAULT NULL,
  `product_unit_code` varchar(10) DEFAULT NULL,
  `unit_quantity` decimal(15,4) NOT NULL,
  `comment` varchar(255) DEFAULT NULL,
  `gst` varchar(20) DEFAULT NULL,
  `cgst` decimal(25,4) DEFAULT NULL,
  `sgst` decimal(25,4) DEFAULT NULL,
  `igst` decimal(25,4) DEFAULT NULL
) ENGINE=InnoDB DEFAULT CHARSET=utf8;

-- --------------------------------------------------------

--
-- Table structure for table `sma_sales`
--

CREATE TABLE `sma_sales` (
  `id` int(11) NOT NULL,
  `date` timestamp NOT NULL DEFAULT current_timestamp(),
  `reference_no` varchar(55) NOT NULL,
  `customer_id` int(11) NOT NULL,
  `customer` varchar(55) NOT NULL,
  `biller_id` int(11) NOT NULL,
  `biller` varchar(55) NOT NULL,
  `warehouse_id` int(11) DEFAULT NULL,
  `note` varchar(1000) DEFAULT NULL,
  `staff_note` varchar(1000) DEFAULT NULL,
  `total` decimal(25,4) NOT NULL,
  `product_discount` decimal(25,4) DEFAULT 0.0000,
  `order_discount_id` varchar(20) DEFAULT NULL,
  `total_discount` decimal(25,4) DEFAULT 0.0000,
  `order_discount` decimal(25,4) DEFAULT 0.0000,
  `product_tax` decimal(25,4) DEFAULT 0.0000,
  `order_tax_id` int(11) DEFAULT NULL,
  `order_tax` decimal(25,4) DEFAULT 0.0000,
  `total_tax` decimal(25,4) DEFAULT 0.0000,
  `shipping` decimal(25,4) DEFAULT 0.0000,
  `grand_total` decimal(25,4) NOT NULL,
  `sale_status` varchar(20) DEFAULT NULL,
  `payment_status` varchar(20) DEFAULT NULL,
  `payment_term` tinyint(4) DEFAULT NULL,
  `due_date` date DEFAULT NULL,
  `created_by` int(11) DEFAULT NULL,
  `updated_by` int(11) DEFAULT NULL,
  `updated_at` timestamp NULL DEFAULT NULL,
  `total_items` smallint(6) DEFAULT NULL,
  `pos` tinyint(1) NOT NULL DEFAULT 0,
  `paid` decimal(25,4) DEFAULT 0.0000,
  `return_id` int(11) DEFAULT NULL,
  `surcharge` decimal(25,4) NOT NULL DEFAULT 0.0000,
  `attachment` varchar(55) DEFAULT NULL,
  `return_sale_ref` varchar(55) DEFAULT NULL,
  `sale_id` int(11) DEFAULT NULL,
  `return_sale_total` decimal(25,4) NOT NULL DEFAULT 0.0000,
  `rounding` decimal(10,4) DEFAULT NULL,
  `suspend_note` varchar(255) DEFAULT NULL,
  `api` tinyint(1) DEFAULT 0,
  `shop` tinyint(1) DEFAULT 0,
  `address_id` int(11) DEFAULT NULL,
  `reserve_id` int(11) DEFAULT NULL,
  `hash` varchar(255) DEFAULT NULL,
  `manual_payment` varchar(55) DEFAULT NULL,
  `cgst` decimal(25,4) DEFAULT NULL,
  `sgst` decimal(25,4) DEFAULT NULL,
  `igst` decimal(25,4) DEFAULT NULL
) ENGINE=InnoDB DEFAULT CHARSET=utf8;

-- --------------------------------------------------------

--
-- Table structure for table `sma_sale_items`
--

CREATE TABLE `sma_sale_items` (
  `id` int(11) NOT NULL,
  `sale_id` int(11) UNSIGNED NOT NULL,
  `product_id` int(11) UNSIGNED NOT NULL,
  `product_code` varchar(55) NOT NULL,
  `product_name` varchar(255) NOT NULL,
  `product_type` varchar(20) DEFAULT NULL,
  `option_id` int(11) DEFAULT NULL,
  `net_unit_price` decimal(25,4) NOT NULL,
  `unit_price` decimal(25,4) DEFAULT NULL,
  `quantity` decimal(15,4) NOT NULL,
  `warehouse_id` int(11) DEFAULT NULL,
  `item_tax` decimal(25,4) DEFAULT NULL,
  `tax_rate_id` int(11) DEFAULT NULL,
  `tax` varchar(55) DEFAULT NULL,
  `discount` varchar(55) DEFAULT NULL,
  `item_discount` decimal(25,4) DEFAULT NULL,
  `subtotal` decimal(25,4) NOT NULL,
  `serial_no` varchar(255) DEFAULT NULL,
  `real_unit_price` decimal(25,4) DEFAULT NULL,
  `sale_item_id` int(11) DEFAULT NULL,
  `product_unit_id` int(11) DEFAULT NULL,
  `product_unit_code` varchar(10) DEFAULT NULL,
  `unit_quantity` decimal(15,4) NOT NULL,
  `comment` varchar(255) DEFAULT NULL,
  `gst` varchar(20) DEFAULT NULL,
  `cgst` decimal(25,4) DEFAULT NULL,
  `sgst` decimal(25,4) DEFAULT NULL,
  `igst` decimal(25,4) DEFAULT NULL
) ENGINE=InnoDB DEFAULT CHARSET=utf8;

-- --------------------------------------------------------

--
-- Table structure for table `sma_sessions`
--

CREATE TABLE `sma_sessions` (
  `id` varchar(40) NOT NULL,
  `ip_address` varchar(45) NOT NULL,
  `timestamp` int(10) UNSIGNED NOT NULL DEFAULT 0,
  `data` blob NOT NULL
) ENGINE=InnoDB DEFAULT CHARSET=utf8;

--
-- Dumping data for table `sma_sessions`
--

INSERT INTO `sma_sessions` (`id`, `ip_address`, `timestamp`, `data`) VALUES
('18tat67c1hrvnderctu55nu2n2cd54p6', '219.91.239.114', 1540890951, 0x5f5f63695f6c6173745f726567656e65726174657c693a313534303839303934383b7265717565737465645f706167657c733a353a2261646d696e223b),
('1l1uoqmvaeoofna6o8gb2vofmnk9o4bp', '203.187.238.56', 1540720964, 0x5f5f63695f6c6173745f726567656e65726174657c693a313534303732303936343b7265717565737465645f706167657c733a353a2261646d696e223b),
('24cst75dei23bvudutaaevgfqcugbo97', '219.91.239.114', 1540881540, 0x5f5f63695f6c6173745f726567656e65726174657c693a313534303838313339383b7265717565737465645f706167657c733a31343a2261646d696e2f70726f6475637473223b6964656e746974797c733a353a2261646d696e223b757365726e616d657c733a353a2261646d696e223b656d61696c7c733a32323a226d61797572692e696e2e757340676d61696c2e636f6d223b757365725f69647c733a313a2232223b6f6c645f6c6173745f6c6f67696e7c733a31303a2231353430383739373731223b6c6173745f69707c733a31343a223231392e39312e3233392e313134223b6176617461727c4e3b67656e6465727c733a363a2266656d616c65223b67726f75705f69647c733a313a2231223b77617265686f7573655f69647c733a313a2230223b766965775f72696768747c733a313a2231223b656469745f72696768747c733a313a2230223b616c6c6f775f646973636f756e747c733a313a2230223b62696c6c65725f69647c733a313a2230223b636f6d70616e795f69647c4e3b73686f775f636f73747c733a313a2230223b73686f775f70726963657c733a313a2230223b),
('4nrktpnb46rvl3cvil7j785jdre00032', '219.91.239.114', 1540883139, 0x5f5f63695f6c6173745f726567656e65726174657c693a313534303838323836323b7265717565737465645f706167657c733a31343a2261646d696e2f70726f6475637473223b6964656e746974797c733a353a2261646d696e223b757365726e616d657c733a353a2261646d696e223b656d61696c7c733a32323a226d61797572692e696e2e757340676d61696c2e636f6d223b757365725f69647c733a313a2232223b6f6c645f6c6173745f6c6f67696e7c733a31303a2231353430383739373731223b6c6173745f69707c733a31343a223231392e39312e3233392e313134223b6176617461727c4e3b67656e6465727c733a363a2266656d616c65223b67726f75705f69647c733a313a2231223b77617265686f7573655f69647c733a313a2230223b766965775f72696768747c733a313a2231223b656469745f72696768747c733a313a2230223b616c6c6f775f646973636f756e747c733a313a2230223b62696c6c65725f69647c733a313a2230223b636f6d70616e795f69647c4e3b73686f775f636f73747c733a313a2230223b73686f775f70726963657c733a313a2230223b),
('5duq7h72ue2ncc4d0ealar2cdabd3nad', '219.91.239.114', 1540884823, 0x5f5f63695f6c6173745f726567656e65726174657c693a313534303838343539313b7265717565737465645f706167657c733a31343a2261646d696e2f70726f6475637473223b6964656e746974797c733a353a2261646d696e223b757365726e616d657c733a353a2261646d696e223b656d61696c7c733a32323a226d61797572692e696e2e757340676d61696c2e636f6d223b757365725f69647c733a313a2232223b6f6c645f6c6173745f6c6f67696e7c733a31303a2231353430383739373731223b6c6173745f69707c733a31343a223231392e39312e3233392e313134223b6176617461727c4e3b67656e6465727c733a363a2266656d616c65223b67726f75705f69647c733a313a2231223b77617265686f7573655f69647c733a313a2230223b766965775f72696768747c733a313a2231223b656469745f72696768747c733a313a2230223b616c6c6f775f646973636f756e747c733a313a2230223b62696c6c65725f69647c733a313a2230223b636f6d70616e795f69647c4e3b73686f775f636f73747c733a313a2230223b73686f775f70726963657c733a313a2230223b6c6173745f61637469766974797c693a313534303838343735303b757365725f637372667c733a32303a227a70575251694456504655617675626a32476664223b),
('5feccarrf0ijv2vii67rgdta32i9k5ar', '42.106.13.92', 1540719835, 0x5f5f63695f6c6173745f726567656e65726174657c693a313534303731393736373b7265717565737465645f706167657c733a353a2261646d696e223b6964656e746974797c733a353a226f776e6572223b757365726e616d657c733a353a226f776e6572223b656d61696c7c733a31383a226f776e65724074656364696172792e636f6d223b757365725f69647c733a313a2231223b6f6c645f6c6173745f6c6f67696e7c733a31303a2231353430373138363137223b6c6173745f69707c733a31343a223230332e3138372e3233382e3536223b6176617461727c4e3b67656e6465727c733a343a226d616c65223b67726f75705f69647c733a313a2231223b77617265686f7573655f69647c4e3b766965775f72696768747c733a313a2230223b656469745f72696768747c733a313a2230223b616c6c6f775f646973636f756e747c733a313a2230223b62696c6c65725f69647c4e3b636f6d70616e795f69647c4e3b73686f775f636f73747c733a313a2230223b73686f775f70726963657c733a313a2230223b6572726f727c4e3b),
('6kvu9mhu5npi4b0ijh3c410i4kqrrhse', '1.22.160.40', 1542977558, 0x5f5f63695f6c6173745f726567656e65726174657c693a313534323937373535373b7265717565737465645f706167657c733a353a2261646d696e223b),
('6u3586gkj6jm52q4dso6753pbpk8qjk8', '203.187.238.56', 1540718828, 0x5f5f63695f6c6173745f726567656e65726174657c693a313534303731383832383b),
('8gjp3sej6qnsq4veitplrs63j9lrfg3l', '42.111.34.237', 1548346459, 0x5f5f63695f6c6173745f726567656e65726174657c693a313534383334363136393b7265717565737465645f706167657c733a353a2261646d696e223b6964656e746974797c733a353a2261646d696e223b757365726e616d657c733a353a2261646d696e223b656d61696c7c733a32323a226d61797572692e696e2e757340676d61696c2e636f6d223b757365725f69647c733a313a2232223b6f6c645f6c6173745f6c6f67696e7c733a31303a2231353438333039363537223b6c6173745f69707c733a31353a223130332e3234312e3232352e323532223b6176617461727c4e3b67656e6465727c733a363a2266656d616c65223b67726f75705f69647c733a313a2231223b77617265686f7573655f69647c733a313a2230223b766965775f72696768747c733a313a2231223b656469745f72696768747c733a313a2230223b616c6c6f775f646973636f756e747c733a313a2230223b62696c6c65725f69647c733a313a2230223b636f6d70616e795f69647c4e3b73686f775f636f73747c733a313a2230223b73686f775f70726963657c733a313a2230223b),
('8pnbda23eo3mmpkj1ncni602l5ko7l3v', '219.91.239.114', 1540881792, 0x5f5f63695f6c6173745f726567656e65726174657c693a313534303838313733313b7265717565737465645f706167657c733a31343a2261646d696e2f70726f6475637473223b6964656e746974797c733a353a2261646d696e223b757365726e616d657c733a353a2261646d696e223b656d61696c7c733a32323a226d61797572692e696e2e757340676d61696c2e636f6d223b757365725f69647c733a313a2232223b6f6c645f6c6173745f6c6f67696e7c733a31303a2231353430383739373731223b6c6173745f69707c733a31343a223231392e39312e3233392e313134223b6176617461727c4e3b67656e6465727c733a363a2266656d616c65223b67726f75705f69647c733a313a2231223b77617265686f7573655f69647c733a313a2230223b766965775f72696768747c733a313a2231223b656469745f72696768747c733a313a2230223b616c6c6f775f646973636f756e747c733a313a2230223b62696c6c65725f69647c733a313a2230223b636f6d70616e795f69647c4e3b73686f775f636f73747c733a313a2230223b73686f775f70726963657c733a313a2230223b),
('8srhp8j9p6vem1s1j3110hbrl47vnivg', '103.241.225.252', 1548309658, 0x5f5f63695f6c6173745f726567656e65726174657c693a313534383330393632373b7265717565737465645f706167657c733a353a2261646d696e223b6964656e746974797c733a353a2261646d696e223b757365726e616d657c733a353a2261646d696e223b656d61696c7c733a32323a226d61797572692e696e2e757340676d61696c2e636f6d223b757365725f69647c733a313a2232223b6f6c645f6c6173745f6c6f67696e7c733a31303a2231353434303837383039223b6c6173745f69707c733a31333a223132332e3230312e39352e3338223b6176617461727c4e3b67656e6465727c733a363a2266656d616c65223b67726f75705f69647c733a313a2231223b77617265686f7573655f69647c733a313a2230223b766965775f72696768747c733a313a2231223b656469745f72696768747c733a313a2230223b616c6c6f775f646973636f756e747c733a313a2230223b62696c6c65725f69647c733a313a2230223b636f6d70616e795f69647c4e3b73686f775f636f73747c733a313a2230223b73686f775f70726963657c733a313a2230223b6d6573736167657c733a33383a223c703e596f7520617265207375636365737366756c6c79206c6f6767656420696e2e3c2f703e223b5f5f63695f766172737c613a313a7b733a373a226d657373616765223b733a333a226f6c64223b7d),
('9sc7m7fp723brjb48ccn1v0efvd0mn6v', '::1', 1540715488, 0x5f5f63695f6c6173745f726567656e65726174657c693a313534303731353237373b7265717565737465645f706167657c733a353a2261646d696e223b6964656e746974797c733a353a226f776e6572223b757365726e616d657c733a353a226f776e6572223b656d61696c7c733a31383a226f776e65724074656364696172792e636f6d223b757365725f69647c733a313a2231223b6f6c645f6c6173745f6c6f67696e7c733a31303a2231353138393330333334223b6c6173745f69707c733a333a223a3a31223b6176617461727c4e3b67656e6465727c733a343a226d616c65223b67726f75705f69647c733a313a2231223b77617265686f7573655f69647c4e3b766965775f72696768747c733a313a2230223b656469745f72696768747c733a313a2230223b616c6c6f775f646973636f756e747c733a313a2230223b62696c6c65725f69647c4e3b636f6d70616e795f69647c4e3b73686f775f636f73747c733a313a2230223b73686f775f70726963657c733a313a2230223b),
('d57tordrm2sd94f7jqvc1brkd8ftd2ap', '::1', 1518930479, 0x5f5f63695f6c6173745f726567656e65726174657c693a313531383933303331393b7265717565737465645f706167657c733a31343a2261646d696e2f70726f6475637473223b6964656e746974797c733a31383a226f776e65724074656364696172792e636f6d223b757365726e616d657c733a353a226f776e6572223b656d61696c7c733a31383a226f776e65724074656364696172792e636f6d223b757365725f69647c733a313a2231223b6f6c645f6c6173745f6c6f67696e7c733a31303a2231353138393238313639223b6c6173745f69707c733a333a223a3a31223b6176617461727c4e3b67656e6465727c733a343a226d616c65223b67726f75705f69647c733a313a2231223b77617265686f7573655f69647c4e3b766965775f72696768747c733a313a2230223b656469745f72696768747c733a313a2230223b616c6c6f775f646973636f756e747c733a313a2230223b62696c6c65725f69647c4e3b636f6d70616e795f69647c4e3b73686f775f636f73747c733a313a2230223b73686f775f70726963657c733a313a2230223b),
('e02otsqrvfgtmb7g6fljvsth0vb49grg', '219.91.239.114', 1540882862, 0x5f5f63695f6c6173745f726567656e65726174657c693a313534303838323836323b7265717565737465645f706167657c733a31343a2261646d696e2f70726f6475637473223b6964656e746974797c733a353a2261646d696e223b757365726e616d657c733a353a2261646d696e223b656d61696c7c733a32323a226d61797572692e696e2e757340676d61696c2e636f6d223b757365725f69647c733a313a2232223b6f6c645f6c6173745f6c6f67696e7c733a31303a2231353430383739373731223b6c6173745f69707c733a31343a223231392e39312e3233392e313134223b6176617461727c4e3b67656e6465727c733a363a2266656d616c65223b67726f75705f69647c733a313a2231223b77617265686f7573655f69647c733a313a2230223b766965775f72696768747c733a313a2231223b656469745f72696768747c733a313a2230223b616c6c6f775f646973636f756e747c733a313a2230223b62696c6c65725f69647c733a313a2230223b636f6d70616e795f69647c4e3b73686f775f636f73747c733a313a2230223b73686f775f70726963657c733a313a2230223b),
('g7kndsrpm5e7htrc02iepq1b3j9p2so5', '219.91.239.114', 1540885199, 0x5f5f63695f6c6173745f726567656e65726174657c693a313534303838343933333b7265717565737465645f706167657c733a31343a2261646d696e2f70726f6475637473223b6964656e746974797c733a353a2261646d696e223b757365726e616d657c733a353a2261646d696e223b656d61696c7c733a32323a226d61797572692e696e2e757340676d61696c2e636f6d223b757365725f69647c733a313a2232223b6f6c645f6c6173745f6c6f67696e7c733a31303a2231353430383739373731223b6c6173745f69707c733a31343a223231392e39312e3233392e313134223b6176617461727c4e3b67656e6465727c733a363a2266656d616c65223b67726f75705f69647c733a313a2231223b77617265686f7573655f69647c733a313a2230223b766965775f72696768747c733a313a2231223b656469745f72696768747c733a313a2230223b616c6c6f775f646973636f756e747c733a313a2230223b62696c6c65725f69647c733a313a2230223b636f6d70616e795f69647c4e3b73686f775f636f73747c733a313a2230223b73686f775f70726963657c733a313a2230223b6c6173745f61637469766974797c693a313534303838343933333b757365725f637372667c733a32303a227a70575251694456504655617675626a32476664223b),
('gdb4forlvsu62v9dn4b5lisobjvccajf', '203.187.238.56', 1540718828, 0x5f5f63695f6c6173745f726567656e65726174657c693a313534303731383832383b7265717565737465645f706167657c733a353a2261646d696e223b),
('gjo8dgtkh7901156ca49t4rg49j3sbs8', '::1', 1518928400, 0x5f5f63695f6c6173745f726567656e65726174657c693a313531383932383135383b7265717565737465645f706167657c733a353a2261646d696e223b6964656e746974797c733a31383a226f776e65724074656364696172792e636f6d223b757365726e616d657c733a353a226f776e6572223b656d61696c7c733a31383a226f776e65724074656364696172792e636f6d223b757365725f69647c733a313a2231223b6f6c645f6c6173745f6c6f67696e7c733a31303a2231343236363138343932223b6c6173745f69707c733a393a223132372e302e302e31223b6176617461727c4e3b67656e6465727c733a343a226d616c65223b67726f75705f69647c733a313a2231223b77617265686f7573655f69647c4e3b766965775f72696768747c733a313a2230223b656469745f72696768747c733a313a2230223b616c6c6f775f646973636f756e747c733a313a2230223b62696c6c65725f69647c4e3b636f6d70616e795f69647c4e3b73686f775f636f73747c733a313a2230223b73686f775f70726963657c733a313a2230223b6c6173745f61637469766974797c693a313531383932383139393b),
('h1b57gbgpkbfhjh2ohjr9nn5bkbe4o1j', '203.187.238.56', 1540718952, 0x5f5f63695f6c6173745f726567656e65726174657c693a313534303731383935323b7265717565737465645f706167657c733a353a2261646d696e223b6964656e746974797c733a353a226f776e6572223b757365726e616d657c733a353a226f776e6572223b656d61696c7c733a31383a226f776e65724074656364696172792e636f6d223b757365725f69647c733a313a2231223b6f6c645f6c6173745f6c6f67696e7c733a31303a2231353430373135323838223b6c6173745f69707c733a333a223a3a31223b6176617461727c4e3b67656e6465727c733a343a226d616c65223b67726f75705f69647c733a313a2231223b77617265686f7573655f69647c4e3b766965775f72696768747c733a313a2230223b656469745f72696768747c733a313a2230223b616c6c6f775f646973636f756e747c733a313a2230223b62696c6c65725f69647c4e3b636f6d70616e795f69647c4e3b73686f775f636f73747c733a313a2230223b73686f775f70726963657c733a313a2230223b),
('h3mufg9j02ud48l0c5e7fbute1vlqvqr', '219.91.239.114', 1540881203, 0x5f5f63695f6c6173745f726567656e65726174657c693a313534303838313136323b7265717565737465645f706167657c733a353a2261646d696e223b6964656e746974797c733a353a2261646d696e223b757365726e616d657c733a353a2261646d696e223b656d61696c7c733a32323a226d61797572692e696e2e757340676d61696c2e636f6d223b757365725f69647c733a313a2232223b6f6c645f6c6173745f6c6f67696e7c733a31303a2231353430383732353635223b6c6173745f69707c733a31343a223231392e39312e3233392e313134223b6176617461727c4e3b67656e6465727c733a363a2266656d616c65223b67726f75705f69647c733a313a2231223b77617265686f7573655f69647c733a313a2230223b766965775f72696768747c733a313a2231223b656469745f72696768747c733a313a2230223b616c6c6f775f646973636f756e747c733a313a2230223b62696c6c65725f69647c733a313a2230223b636f6d70616e795f69647c4e3b73686f775f636f73747c733a313a2230223b73686f775f70726963657c733a313a2230223b757365725f637372667c733a32303a22387a57677861496d794155347064324c37474846223b),
('hffu7vdbbio8e8790af7e2h2pdr65mqu', '42.106.31.79', 1540779580, 0x5f5f63695f6c6173745f726567656e65726174657c693a313534303737393538303b7265717565737465645f706167657c733a31343a2261646d696e2f70726f6475637473223b),
('j1sg72ksofhcl8g004oljs9o802f3rf4', '116.73.205.82', 1540725587, 0x5f5f63695f6c6173745f726567656e65726174657c693a313534303732353536313b7265717565737465645f706167657c733a353a2261646d696e223b),
('j64t6d8di38hurlomj4e6o21kk6igv48', '203.187.238.56', 1540720940, 0x5f5f63695f6c6173745f726567656e65726174657c693a313534303732303932393b6964656e746974797c733a353a2261646d696e223b757365726e616d657c733a353a2261646d696e223b656d61696c7c733a32323a226d61797572692e696e2e757340676d61696c2e636f6d223b757365725f69647c733a313a2232223b6f6c645f6c6173745f6c6f67696e7c733a31303a2231353430373230383036223b6c6173745f69707c4e3b6176617461727c4e3b67656e6465727c733a363a2266656d616c65223b67726f75705f69647c733a313a2231223b77617265686f7573655f69647c733a313a2230223b766965775f72696768747c733a313a2231223b656469745f72696768747c733a313a2230223b616c6c6f775f646973636f756e747c733a313a2230223b62696c6c65725f69647c733a313a2230223b636f6d70616e795f69647c4e3b73686f775f636f73747c733a313a2230223b73686f775f70726963657c733a313a2230223b6d6573736167657c733a33383a223c703e596f7520617265207375636365737366756c6c79206c6f6767656420696e2e3c2f703e223b5f5f63695f766172737c613a313a7b733a373a226d657373616765223b733a333a226f6c64223b7d),
('j6sl8at258m319kj4mvv2mcpallhb36t', '203.187.238.56', 1540720965, 0x5f5f63695f6c6173745f726567656e65726174657c693a313534303732303936353b),
('krl90vjoj1kmo1vdi15saotv44vam7cq', '219.91.239.114', 1540879799, 0x5f5f63695f6c6173745f726567656e65726174657c693a313534303837393732373b7265717565737465645f706167657c733a353a2261646d696e223b6964656e746974797c733a353a2261646d696e223b757365726e616d657c733a353a2261646d696e223b656d61696c7c733a32323a226d61797572692e696e2e757340676d61696c2e636f6d223b757365725f69647c733a313a2232223b6f6c645f6c6173745f6c6f67696e7c733a31303a2231353430383732353635223b6c6173745f69707c733a31343a223231392e39312e3233392e313134223b6176617461727c4e3b67656e6465727c733a363a2266656d616c65223b67726f75705f69647c733a313a2231223b77617265686f7573655f69647c733a313a2230223b766965775f72696768747c733a313a2231223b656469745f72696768747c733a313a2230223b616c6c6f775f646973636f756e747c733a313a2230223b62696c6c65725f69647c733a313a2230223b636f6d70616e795f69647c4e3b73686f775f636f73747c733a313a2230223b73686f775f70726963657c733a313a2230223b757365725f637372667c733a32303a22786d764f55337a473252366a7563415a66726f50223b),
('l6pq6s69444sjul84rg1pvgjk1pav1fk', '219.91.239.114', 1540872621, 0x5f5f63695f6c6173745f726567656e65726174657c693a313534303837323535303b7265717565737465645f706167657c733a353a2261646d696e223b6964656e746974797c733a353a2261646d696e223b757365726e616d657c733a353a2261646d696e223b656d61696c7c733a32323a226d61797572692e696e2e757340676d61696c2e636f6d223b757365725f69647c733a313a2232223b6f6c645f6c6173745f6c6f67696e7c733a31303a2231353430373835303932223b6c6173745f69707c733a31333a223231392e39312e3233382e3933223b6176617461727c4e3b67656e6465727c733a363a2266656d616c65223b67726f75705f69647c733a313a2231223b77617265686f7573655f69647c733a313a2230223b766965775f72696768747c733a313a2231223b656469745f72696768747c733a313a2230223b616c6c6f775f646973636f756e747c733a313a2230223b62696c6c65725f69647c733a313a2230223b636f6d70616e795f69647c4e3b73686f775f636f73747c733a313a2230223b73686f775f70726963657c733a313a2230223b757365725f637372667c733a32303a226451536f6365496a56676b413971317059696d76223b),
('lmadf0lic7nnfhpgev0c0314k38qp0of', '219.91.238.93', 1540785585, 0x5f5f63695f6c6173745f726567656e65726174657c693a313534303738353338383b7265717565737465645f706167657c733a353a2261646d696e223b6964656e746974797c733a353a2261646d696e223b757365726e616d657c733a353a2261646d696e223b656d61696c7c733a32323a226d61797572692e696e2e757340676d61696c2e636f6d223b757365725f69647c733a313a2232223b6f6c645f6c6173745f6c6f67696e7c733a31303a2231353430373230393430223b6c6173745f69707c733a31343a223230332e3138372e3233382e3536223b6176617461727c4e3b67656e6465727c733a363a2266656d616c65223b67726f75705f69647c733a313a2231223b77617265686f7573655f69647c733a313a2230223b766965775f72696768747c733a313a2231223b656469745f72696768747c733a313a2230223b616c6c6f775f646973636f756e747c733a313a2230223b62696c6c65725f69647c733a313a2230223b636f6d70616e795f69647c4e3b73686f775f636f73747c733a313a2230223b73686f775f70726963657c733a313a2230223b6c6173745f61637469766974797c693a313534303738353330333b),
('ml6u1gi3294dfo4l8to5gmv96soa7bd0', '219.91.239.114', 1540891633, 0x5f5f63695f6c6173745f726567656e65726174657c693a313534303839313539343b7265717565737465645f706167657c733a31343a2261646d696e2f70726f6475637473223b6964656e746974797c733a353a2261646d696e223b757365726e616d657c733a353a2261646d696e223b656d61696c7c733a32323a226d61797572692e696e2e757340676d61696c2e636f6d223b757365725f69647c733a313a2232223b6f6c645f6c6173745f6c6f67696e7c733a31303a2231353430383739373731223b6c6173745f69707c733a31343a223231392e39312e3233392e313134223b6176617461727c4e3b67656e6465727c733a363a2266656d616c65223b67726f75705f69647c733a313a2231223b77617265686f7573655f69647c733a313a2230223b766965775f72696768747c733a313a2231223b656469745f72696768747c733a313a2230223b616c6c6f775f646973636f756e747c733a313a2230223b62696c6c65725f69647c733a313a2230223b636f6d70616e795f69647c4e3b73686f775f636f73747c733a313a2230223b73686f775f70726963657c733a313a2230223b6c6173745f61637469766974797c693a313534303839313633333b757365725f637372667c733a32303a227a70575251694456504655617675626a32476664223b6572726f727c4e3b),
('nvgtkn0ve9f8mnvl9a51528i9puj3cki', '219.91.239.114', 1540885248, 0x5f5f63695f6c6173745f726567656e65726174657c693a313534303838353234383b7265717565737465645f706167657c733a31343a2261646d696e2f70726f6475637473223b6964656e746974797c733a353a2261646d696e223b757365726e616d657c733a353a2261646d696e223b656d61696c7c733a32323a226d61797572692e696e2e757340676d61696c2e636f6d223b757365725f69647c733a313a2232223b6f6c645f6c6173745f6c6f67696e7c733a31303a2231353430383739373731223b6c6173745f69707c733a31343a223231392e39312e3233392e313134223b6176617461727c4e3b67656e6465727c733a363a2266656d616c65223b67726f75705f69647c733a313a2231223b77617265686f7573655f69647c733a313a2230223b766965775f72696768747c733a313a2231223b656469745f72696768747c733a313a2230223b616c6c6f775f646973636f756e747c733a313a2230223b62696c6c65725f69647c733a313a2230223b636f6d70616e795f69647c4e3b73686f775f636f73747c733a313a2230223b73686f775f70726963657c733a313a2230223b6c6173745f61637469766974797c693a313534303838343933333b757365725f637372667c733a32303a227a70575251694456504655617675626a32476664223b),
('p61hkbefbe04aai34jhrs9dvpmmktnta', '203.187.238.56', 1540718630, 0x5f5f63695f6c6173745f726567656e65726174657c693a313534303731383539303b7265717565737465645f706167657c733a353a2261646d696e223b6964656e746974797c733a353a226f776e6572223b757365726e616d657c733a353a226f776e6572223b656d61696c7c733a31383a226f776e65724074656364696172792e636f6d223b757365725f69647c733a313a2231223b6f6c645f6c6173745f6c6f67696e7c733a31303a2231353430373135323838223b6c6173745f69707c733a333a223a3a31223b6176617461727c4e3b67656e6465727c733a343a226d616c65223b67726f75705f69647c733a313a2231223b77617265686f7573655f69647c4e3b766965775f72696768747c733a313a2230223b656469745f72696768747c733a313a2230223b616c6c6f775f646973636f756e747c733a313a2230223b62696c6c65725f69647c4e3b636f6d70616e795f69647c4e3b73686f775f636f73747c733a313a2230223b73686f775f70726963657c733a313a2230223b),
('p71n4eddlho8oq5fktfdpit3gda2bfqh', '219.91.239.114', 1540890952, 0x5f5f63695f6c6173745f726567656e65726174657c693a313534303839303935323b7265717565737465645f706167657c733a31343a2261646d696e2f70726f6475637473223b6964656e746974797c733a353a2261646d696e223b757365726e616d657c733a353a2261646d696e223b656d61696c7c733a32323a226d61797572692e696e2e757340676d61696c2e636f6d223b757365725f69647c733a313a2232223b6f6c645f6c6173745f6c6f67696e7c733a31303a2231353430383739373731223b6c6173745f69707c733a31343a223231392e39312e3233392e313134223b6176617461727c4e3b67656e6465727c733a363a2266656d616c65223b67726f75705f69647c733a313a2231223b77617265686f7573655f69647c733a313a2230223b766965775f72696768747c733a313a2231223b656469745f72696768747c733a313a2230223b616c6c6f775f646973636f756e747c733a313a2230223b62696c6c65725f69647c733a313a2230223b636f6d70616e795f69647c4e3b73686f775f636f73747c733a313a2230223b73686f775f70726963657c733a313a2230223b6c6173745f61637469766974797c693a313534303838343933333b757365725f637372667c733a32303a227a70575251694456504655617675626a32476664223b6572726f727c4e3b),
('pnbv0tia70rd8n0qpl9sb8j45p3k5tvj', '123.201.95.38', 1544087810, 0x5f5f63695f6c6173745f726567656e65726174657c693a313534343038373631323b7265717565737465645f706167657c733a353a2261646d696e223b6964656e746974797c733a353a2261646d696e223b757365726e616d657c733a353a2261646d696e223b656d61696c7c733a32323a226d61797572692e696e2e757340676d61696c2e636f6d223b757365725f69647c733a313a2232223b6f6c645f6c6173745f6c6f67696e7c733a31303a2231353430383831343132223b6c6173745f69707c733a31343a223231392e39312e3233392e313134223b6176617461727c4e3b67656e6465727c733a363a2266656d616c65223b67726f75705f69647c733a313a2231223b77617265686f7573655f69647c733a313a2230223b766965775f72696768747c733a313a2231223b656469745f72696768747c733a313a2230223b616c6c6f775f646973636f756e747c733a313a2230223b62696c6c65725f69647c733a313a2230223b636f6d70616e795f69647c4e3b73686f775f636f73747c733a313a2230223b73686f775f70726963657c733a313a2230223b6d6573736167657c733a33383a223c703e596f7520617265207375636365737366756c6c79206c6f6767656420696e2e3c2f703e223b5f5f63695f766172737c613a313a7b733a373a226d657373616765223b733a333a226f6c64223b7d),
('qcrhkp9kji1fh5rr1amcdot0h139qga1', '219.91.238.93', 1540785376, 0x5f5f63695f6c6173745f726567656e65726174657c693a313534303738353038303b7265717565737465645f706167657c733a353a2261646d696e223b6964656e746974797c733a353a2261646d696e223b757365726e616d657c733a353a2261646d696e223b656d61696c7c733a32323a226d61797572692e696e2e757340676d61696c2e636f6d223b757365725f69647c733a313a2232223b6f6c645f6c6173745f6c6f67696e7c733a31303a2231353430373230393430223b6c6173745f69707c733a31343a223230332e3138372e3233382e3536223b6176617461727c4e3b67656e6465727c733a363a2266656d616c65223b67726f75705f69647c733a313a2231223b77617265686f7573655f69647c733a313a2230223b766965775f72696768747c733a313a2231223b656469745f72696768747c733a313a2230223b616c6c6f775f646973636f756e747c733a313a2230223b62696c6c65725f69647c733a313a2230223b636f6d70616e795f69647c4e3b73686f775f636f73747c733a313a2230223b73686f775f70726963657c733a313a2230223b6c6173745f61637469766974797c693a313534303738353330333b),
('r9e22g7nbqg368l1i66fbknjcg530pee', '219.91.239.114', 1540884501, 0x5f5f63695f6c6173745f726567656e65726174657c693a313534303838343138323b7265717565737465645f706167657c733a31343a2261646d696e2f70726f6475637473223b6964656e746974797c733a353a2261646d696e223b757365726e616d657c733a353a2261646d696e223b656d61696c7c733a32323a226d61797572692e696e2e757340676d61696c2e636f6d223b757365725f69647c733a313a2232223b6f6c645f6c6173745f6c6f67696e7c733a31303a2231353430383739373731223b6c6173745f69707c733a31343a223231392e39312e3233392e313134223b6176617461727c4e3b67656e6465727c733a363a2266656d616c65223b67726f75705f69647c733a313a2231223b77617265686f7573655f69647c733a313a2230223b766965775f72696768747c733a313a2231223b656469745f72696768747c733a313a2230223b616c6c6f775f646973636f756e747c733a313a2230223b62696c6c65725f69647c733a313a2230223b636f6d70616e795f69647c4e3b73686f775f636f73747c733a313a2230223b73686f775f70726963657c733a313a2230223b6c6173745f61637469766974797c693a313534303838333234393b757365725f637372667c733a32303a227a70575251694456504655617675626a32476664223b),
('rnhq7madfvnjhhl3nakl31faucc2c62a', '219.91.239.114', 1540883358, 0x5f5f63695f6c6173745f726567656e65726174657c693a313534303838333137333b7265717565737465645f706167657c733a31343a2261646d696e2f70726f6475637473223b6964656e746974797c733a353a2261646d696e223b757365726e616d657c733a353a2261646d696e223b656d61696c7c733a32323a226d61797572692e696e2e757340676d61696c2e636f6d223b757365725f69647c733a313a2232223b6f6c645f6c6173745f6c6f67696e7c733a31303a2231353430383739373731223b6c6173745f69707c733a31343a223231392e39312e3233392e313134223b6176617461727c4e3b67656e6465727c733a363a2266656d616c65223b67726f75705f69647c733a313a2231223b77617265686f7573655f69647c733a313a2230223b766965775f72696768747c733a313a2231223b656469745f72696768747c733a313a2230223b616c6c6f775f646973636f756e747c733a313a2230223b62696c6c65725f69647c733a313a2230223b636f6d70616e795f69647c4e3b73686f775f636f73747c733a313a2230223b73686f775f70726963657c733a313a2230223b6c6173745f61637469766974797c693a313534303838333234393b),
('sa81ksokljf2136ncqq960qvh67qvumj', '203.187.238.56', 1540720609, 0x5f5f63695f6c6173745f726567656e65726174657c693a313534303732303333303b7265717565737465645f706167657c733a353a2261646d696e223b6964656e746974797c733a353a226f776e6572223b757365726e616d657c733a353a226f776e6572223b656d61696c7c733a31383a226f776e65724074656364696172792e636f6d223b757365725f69647c733a313a2231223b6f6c645f6c6173745f6c6f67696e7c733a31303a2231353430373135323838223b6c6173745f69707c733a333a223a3a31223b6176617461727c4e3b67656e6465727c733a343a226d616c65223b67726f75705f69647c733a313a2231223b77617265686f7573655f69647c4e3b766965775f72696768747c733a313a2230223b656469745f72696768747c733a313a2230223b616c6c6f775f646973636f756e747c733a313a2230223b62696c6c65725f69647c4e3b636f6d70616e795f69647c4e3b73686f775f636f73747c733a313a2230223b73686f775f70726963657c733a313a2230223b),
('t5o4jq44ne66t026rauktt05ifd92776', '203.187.238.56', 1540716821, 0x5f5f63695f6c6173745f726567656e65726174657c693a313534303731363631353b),
('tk0b9plbng81suibslft3et2gg717c1v', '219.91.239.114', 1540885742, 0x5f5f63695f6c6173745f726567656e65726174657c693a313534303838353235303b7265717565737465645f706167657c733a31343a2261646d696e2f70726f6475637473223b6964656e746974797c733a353a2261646d696e223b757365726e616d657c733a353a2261646d696e223b656d61696c7c733a32323a226d61797572692e696e2e757340676d61696c2e636f6d223b757365725f69647c733a313a2232223b6f6c645f6c6173745f6c6f67696e7c733a31303a2231353430383739373731223b6c6173745f69707c733a31343a223231392e39312e3233392e313134223b6176617461727c4e3b67656e6465727c733a363a2266656d616c65223b67726f75705f69647c733a313a2231223b77617265686f7573655f69647c733a313a2230223b766965775f72696768747c733a313a2231223b656469745f72696768747c733a313a2230223b616c6c6f775f646973636f756e747c733a313a2230223b62696c6c65725f69647c733a313a2230223b636f6d70616e795f69647c4e3b73686f775f636f73747c733a313a2230223b73686f775f70726963657c733a313a2230223b6c6173745f61637469766974797c693a313534303838343933333b757365725f637372667c733a32303a227a70575251694456504655617675626a32476664223b),
('vs81v2617sfh1gv5c1ti0d63prtf1690', '203.187.238.56', 1540718828, 0x5f5f63695f6c6173745f726567656e65726174657c693a313534303731383832383b);

-- --------------------------------------------------------

--
-- Table structure for table `sma_settings`
--

CREATE TABLE `sma_settings` (
  `setting_id` int(1) NOT NULL,
  `logo` varchar(255) NOT NULL,
  `logo2` varchar(255) NOT NULL,
  `site_name` varchar(55) NOT NULL,
  `language` varchar(20) NOT NULL,
  `default_warehouse` int(2) NOT NULL,
  `accounting_method` tinyint(4) NOT NULL DEFAULT 0,
  `default_currency` varchar(3) NOT NULL,
  `default_tax_rate` int(2) NOT NULL,
  `rows_per_page` int(2) NOT NULL,
  `version` varchar(10) NOT NULL DEFAULT '1.0',
  `default_tax_rate2` int(11) NOT NULL DEFAULT 0,
  `dateformat` int(11) NOT NULL,
  `sales_prefix` varchar(20) DEFAULT NULL,
  `quote_prefix` varchar(20) DEFAULT NULL,
  `purchase_prefix` varchar(20) DEFAULT NULL,
  `transfer_prefix` varchar(20) DEFAULT NULL,
  `delivery_prefix` varchar(20) DEFAULT NULL,
  `payment_prefix` varchar(20) DEFAULT NULL,
  `return_prefix` varchar(20) DEFAULT NULL,
  `returnp_prefix` varchar(20) DEFAULT NULL,
  `expense_prefix` varchar(20) DEFAULT NULL,
  `item_addition` tinyint(1) NOT NULL DEFAULT 0,
  `theme` varchar(20) NOT NULL,
  `product_serial` tinyint(4) NOT NULL,
  `default_discount` int(11) NOT NULL,
  `product_discount` tinyint(1) NOT NULL DEFAULT 0,
  `discount_method` tinyint(4) NOT NULL,
  `tax1` tinyint(4) NOT NULL,
  `tax2` tinyint(4) NOT NULL,
  `overselling` tinyint(1) NOT NULL DEFAULT 0,
  `restrict_user` tinyint(4) NOT NULL DEFAULT 0,
  `restrict_calendar` tinyint(4) NOT NULL DEFAULT 0,
  `timezone` varchar(100) DEFAULT NULL,
  `iwidth` int(11) NOT NULL DEFAULT 0,
  `iheight` int(11) NOT NULL,
  `twidth` int(11) NOT NULL,
  `theight` int(11) NOT NULL,
  `watermark` tinyint(1) DEFAULT NULL,
  `reg_ver` tinyint(1) DEFAULT NULL,
  `allow_reg` tinyint(1) DEFAULT NULL,
  `reg_notification` tinyint(1) DEFAULT NULL,
  `auto_reg` tinyint(1) DEFAULT NULL,
  `protocol` varchar(20) NOT NULL DEFAULT 'mail',
  `mailpath` varchar(55) DEFAULT '/usr/sbin/sendmail',
  `smtp_host` varchar(100) DEFAULT NULL,
  `smtp_user` varchar(100) DEFAULT NULL,
  `smtp_pass` varchar(255) DEFAULT NULL,
  `smtp_port` varchar(10) DEFAULT '25',
  `smtp_crypto` varchar(10) DEFAULT NULL,
  `corn` datetime DEFAULT NULL,
  `customer_group` int(11) NOT NULL,
  `default_email` varchar(100) NOT NULL,
  `mmode` tinyint(1) NOT NULL,
  `bc_fix` tinyint(4) NOT NULL DEFAULT 0,
  `auto_detect_barcode` tinyint(1) NOT NULL DEFAULT 0,
  `captcha` tinyint(1) NOT NULL DEFAULT 1,
  `reference_format` tinyint(1) NOT NULL DEFAULT 1,
  `racks` tinyint(1) DEFAULT 0,
  `attributes` tinyint(1) NOT NULL DEFAULT 0,
  `product_expiry` tinyint(1) NOT NULL DEFAULT 0,
  `decimals` tinyint(2) NOT NULL DEFAULT 2,
  `qty_decimals` tinyint(2) NOT NULL DEFAULT 2,
  `decimals_sep` varchar(2) NOT NULL DEFAULT '.',
  `thousands_sep` varchar(2) NOT NULL DEFAULT ',',
  `invoice_view` tinyint(1) DEFAULT 0,
  `default_biller` int(11) DEFAULT NULL,
  `envato_username` varchar(50) DEFAULT NULL,
  `purchase_code` varchar(100) DEFAULT NULL,
  `rtl` tinyint(1) DEFAULT 0,
  `each_spent` decimal(15,4) DEFAULT NULL,
  `ca_point` tinyint(4) DEFAULT NULL,
  `each_sale` decimal(15,4) DEFAULT NULL,
  `sa_point` tinyint(4) DEFAULT NULL,
  `update` tinyint(1) DEFAULT 0,
  `sac` tinyint(1) DEFAULT 0,
  `display_all_products` tinyint(1) DEFAULT 0,
  `display_symbol` tinyint(1) DEFAULT NULL,
  `symbol` varchar(50) DEFAULT NULL,
  `remove_expired` tinyint(1) DEFAULT 0,
  `barcode_separator` varchar(2) NOT NULL DEFAULT '_',
  `set_focus` tinyint(1) NOT NULL DEFAULT 0,
  `price_group` int(11) DEFAULT NULL,
  `barcode_img` tinyint(1) NOT NULL DEFAULT 1,
  `ppayment_prefix` varchar(20) DEFAULT 'POP',
  `disable_editing` smallint(6) DEFAULT 90,
  `qa_prefix` varchar(55) DEFAULT NULL,
  `update_cost` tinyint(1) DEFAULT NULL,
  `apis` tinyint(1) NOT NULL DEFAULT 0,
  `state` varchar(100) DEFAULT NULL,
  `pdf_lib` varchar(20) DEFAULT 'dompdf'
) ENGINE=InnoDB DEFAULT CHARSET=utf8;

--
-- Dumping data for table `sma_settings`
--

INSERT INTO `sma_settings` (`setting_id`, `logo`, `logo2`, `site_name`, `language`, `default_warehouse`, `accounting_method`, `default_currency`, `default_tax_rate`, `rows_per_page`, `version`, `default_tax_rate2`, `dateformat`, `sales_prefix`, `quote_prefix`, `purchase_prefix`, `transfer_prefix`, `delivery_prefix`, `payment_prefix`, `return_prefix`, `returnp_prefix`, `expense_prefix`, `item_addition`, `theme`, `product_serial`, `default_discount`, `product_discount`, `discount_method`, `tax1`, `tax2`, `overselling`, `restrict_user`, `restrict_calendar`, `timezone`, `iwidth`, `iheight`, `twidth`, `theight`, `watermark`, `reg_ver`, `allow_reg`, `reg_notification`, `auto_reg`, `protocol`, `mailpath`, `smtp_host`, `smtp_user`, `smtp_pass`, `smtp_port`, `smtp_crypto`, `corn`, `customer_group`, `default_email`, `mmode`, `bc_fix`, `auto_detect_barcode`, `captcha`, `reference_format`, `racks`, `attributes`, `product_expiry`, `decimals`, `qty_decimals`, `decimals_sep`, `thousands_sep`, `invoice_view`, `default_biller`, `envato_username`, `purchase_code`, `rtl`, `each_spent`, `ca_point`, `each_sale`, `sa_point`, `update`, `sac`, `display_all_products`, `display_symbol`, `symbol`, `remove_expired`, `barcode_separator`, `set_focus`, `price_group`, `barcode_img`, `ppayment_prefix`, `disable_editing`, `qa_prefix`, `update_cost`, `apis`, `state`, `pdf_lib`) VALUES
(1, 'logo2.png', 'logo3.png', 'Stock Manager Advance', 'english', 1, 0, 'USD', 1, 10, '3.2.14', 1, 5, 'SALE', 'QUOTE', 'PO', 'TR', 'DO', 'IPAY', 'SR', 'PR', NULL, 0, 'default', 1, 1, 1, 1, 1, 1, 0, 1, 0, 'Asia/Kuala_Lumpur', 800, 800, 150, 150, 0, 0, 0, 0, NULL, 'mail', '/usr/sbin/sendmail', 'pop.gmail.com', 'contact@sma.tecdiary.org', 'jEFTM4T63AiQ9dsidxhPKt9CIg4HQjCN58n/RW9vmdC/UDXCzRLR469ziZ0jjpFlbOg43LyoSmpJLBkcAHh0Yw==', '25', NULL, NULL, 1, 'contact@tecdiary.com', 0, 4, 1, 0, 2, 1, 1, 0, 2, 2, '.', ',', 0, 3, 'bbtechalain', 'c35b1fbd-5668-4755-8982-18524fd80bbd', 0, NULL, NULL, NULL, NULL, 0, 0, 0, NULL, NULL, 0, '_', 0, NULL, 1, 'POP', 90, NULL, NULL, 0, NULL, 'dompdf');

-- --------------------------------------------------------

--
-- Table structure for table `sma_skrill`
--

CREATE TABLE `sma_skrill` (
  `id` int(11) NOT NULL,
  `active` tinyint(4) NOT NULL,
  `account_email` varchar(255) NOT NULL DEFAULT 'testaccount2@moneybookers.com',
  `secret_word` varchar(20) NOT NULL DEFAULT 'mbtest',
  `skrill_currency` varchar(3) NOT NULL DEFAULT 'USD',
  `fixed_charges` decimal(25,4) NOT NULL DEFAULT 0.0000,
  `extra_charges_my` decimal(25,4) NOT NULL DEFAULT 0.0000,
  `extra_charges_other` decimal(25,4) NOT NULL DEFAULT 0.0000
) ENGINE=InnoDB DEFAULT CHARSET=utf8;

--
-- Dumping data for table `sma_skrill`
--

INSERT INTO `sma_skrill` (`id`, `active`, `account_email`, `secret_word`, `skrill_currency`, `fixed_charges`, `extra_charges_my`, `extra_charges_other`) VALUES
(1, 1, 'testaccount2@moneybookers.com', 'mbtest', 'USD', '0.0000', '0.0000', '0.0000');

-- --------------------------------------------------------

--
-- Table structure for table `sma_stock_counts`
--

CREATE TABLE `sma_stock_counts` (
  `id` int(11) NOT NULL,
  `date` timestamp NOT NULL DEFAULT current_timestamp() ON UPDATE current_timestamp(),
  `reference_no` varchar(55) NOT NULL,
  `warehouse_id` int(11) NOT NULL,
  `type` varchar(10) NOT NULL,
  `initial_file` varchar(50) NOT NULL,
  `final_file` varchar(50) DEFAULT NULL,
  `brands` varchar(50) DEFAULT NULL,
  `brand_names` varchar(100) DEFAULT NULL,
  `categories` varchar(50) DEFAULT NULL,
  `category_names` varchar(100) DEFAULT NULL,
  `note` text DEFAULT NULL,
  `products` int(11) DEFAULT NULL,
  `rows` int(11) DEFAULT NULL,
  `differences` int(11) DEFAULT NULL,
  `matches` int(11) DEFAULT NULL,
  `missing` int(11) DEFAULT NULL,
  `created_by` int(11) NOT NULL,
  `updated_by` int(11) DEFAULT NULL,
  `updated_at` datetime DEFAULT NULL,
  `finalized` tinyint(1) DEFAULT NULL
) ENGINE=InnoDB DEFAULT CHARSET=utf8;

-- --------------------------------------------------------

--
-- Table structure for table `sma_stock_count_items`
--

CREATE TABLE `sma_stock_count_items` (
  `id` int(11) NOT NULL,
  `stock_count_id` int(11) NOT NULL,
  `product_id` int(11) NOT NULL,
  `product_code` varchar(50) DEFAULT NULL,
  `product_name` varchar(255) DEFAULT NULL,
  `product_variant` varchar(55) DEFAULT NULL,
  `product_variant_id` int(11) DEFAULT NULL,
  `expected` decimal(15,4) NOT NULL,
  `counted` decimal(15,4) NOT NULL,
  `cost` decimal(25,4) NOT NULL
) ENGINE=InnoDB DEFAULT CHARSET=utf8;

-- --------------------------------------------------------

--
-- Table structure for table `sma_suspended_bills`
--

CREATE TABLE `sma_suspended_bills` (
  `id` int(11) NOT NULL,
  `date` timestamp NOT NULL DEFAULT current_timestamp(),
  `customer_id` int(11) NOT NULL,
  `customer` varchar(55) DEFAULT NULL,
  `count` int(11) NOT NULL,
  `order_discount_id` varchar(20) DEFAULT NULL,
  `order_tax_id` int(11) DEFAULT NULL,
  `total` decimal(25,4) NOT NULL,
  `biller_id` int(11) DEFAULT NULL,
  `warehouse_id` int(11) DEFAULT NULL,
  `created_by` int(11) NOT NULL,
  `suspend_note` varchar(255) DEFAULT NULL,
  `shipping` decimal(15,4) DEFAULT 0.0000,
  `cgst` decimal(25,4) DEFAULT NULL,
  `sgst` decimal(25,4) DEFAULT NULL,
  `igst` decimal(25,4) DEFAULT NULL
) ENGINE=InnoDB DEFAULT CHARSET=utf8;

-- --------------------------------------------------------

--
-- Table structure for table `sma_suspended_items`
--

CREATE TABLE `sma_suspended_items` (
  `id` int(11) NOT NULL,
  `suspend_id` int(11) UNSIGNED NOT NULL,
  `product_id` int(11) UNSIGNED NOT NULL,
  `product_code` varchar(55) NOT NULL,
  `product_name` varchar(255) NOT NULL,
  `net_unit_price` decimal(25,4) NOT NULL,
  `unit_price` decimal(25,4) NOT NULL,
  `quantity` decimal(15,4) DEFAULT 0.0000,
  `warehouse_id` int(11) DEFAULT NULL,
  `item_tax` decimal(25,4) DEFAULT NULL,
  `tax_rate_id` int(11) DEFAULT NULL,
  `tax` varchar(55) DEFAULT NULL,
  `discount` varchar(55) DEFAULT NULL,
  `item_discount` decimal(25,4) DEFAULT NULL,
  `subtotal` decimal(25,4) NOT NULL,
  `serial_no` varchar(255) DEFAULT NULL,
  `option_id` int(11) DEFAULT NULL,
  `product_type` varchar(20) DEFAULT NULL,
  `real_unit_price` decimal(25,4) DEFAULT NULL,
  `product_unit_id` int(11) DEFAULT NULL,
  `product_unit_code` varchar(10) DEFAULT NULL,
  `unit_quantity` decimal(15,4) NOT NULL,
  `comment` varchar(255) DEFAULT NULL,
  `gst` varchar(20) DEFAULT NULL,
  `cgst` decimal(25,4) DEFAULT NULL,
  `sgst` decimal(25,4) DEFAULT NULL,
  `igst` decimal(25,4) DEFAULT NULL
) ENGINE=InnoDB DEFAULT CHARSET=utf8;

-- --------------------------------------------------------

--
-- Table structure for table `sma_tax_rates`
--

CREATE TABLE `sma_tax_rates` (
  `id` int(11) NOT NULL,
  `name` varchar(55) NOT NULL,
  `code` varchar(10) DEFAULT NULL,
  `rate` decimal(12,4) NOT NULL,
  `type` varchar(50) NOT NULL
) ENGINE=InnoDB DEFAULT CHARSET=utf8;

--
-- Dumping data for table `sma_tax_rates`
--

INSERT INTO `sma_tax_rates` (`id`, `name`, `code`, `rate`, `type`) VALUES
(1, 'No Tax', 'NT', '0.0000', '2'),
(2, 'VAT @10%', 'VAT10', '10.0000', '1'),
(3, 'GST @6%', 'GST', '6.0000', '1'),
(4, 'VAT @20%', 'VT20', '20.0000', '1');

-- --------------------------------------------------------

--
-- Table structure for table `sma_transfers`
--

CREATE TABLE `sma_transfers` (
  `id` int(11) NOT NULL,
  `transfer_no` varchar(55) NOT NULL,
  `date` timestamp NOT NULL DEFAULT current_timestamp(),
  `from_warehouse_id` int(11) NOT NULL,
  `from_warehouse_code` varchar(55) NOT NULL,
  `from_warehouse_name` varchar(55) NOT NULL,
  `to_warehouse_id` int(11) NOT NULL,
  `to_warehouse_code` varchar(55) NOT NULL,
  `to_warehouse_name` varchar(55) NOT NULL,
  `note` varchar(1000) DEFAULT NULL,
  `total` decimal(25,4) DEFAULT NULL,
  `total_tax` decimal(25,4) DEFAULT NULL,
  `grand_total` decimal(25,4) DEFAULT NULL,
  `created_by` varchar(255) DEFAULT NULL,
  `status` varchar(55) NOT NULL DEFAULT 'pending',
  `shipping` decimal(25,4) NOT NULL DEFAULT 0.0000,
  `attachment` varchar(55) DEFAULT NULL,
  `cgst` decimal(25,4) DEFAULT NULL,
  `sgst` decimal(25,4) DEFAULT NULL,
  `igst` decimal(25,4) DEFAULT NULL
) ENGINE=InnoDB DEFAULT CHARSET=utf8;

-- --------------------------------------------------------

--
-- Table structure for table `sma_transfer_items`
--

CREATE TABLE `sma_transfer_items` (
  `id` int(11) NOT NULL,
  `transfer_id` int(11) NOT NULL,
  `product_id` int(11) NOT NULL,
  `product_code` varchar(55) NOT NULL,
  `product_name` varchar(255) NOT NULL,
  `option_id` int(11) DEFAULT NULL,
  `expiry` date DEFAULT NULL,
  `quantity` decimal(15,4) NOT NULL,
  `tax_rate_id` int(11) DEFAULT NULL,
  `tax` varchar(55) DEFAULT NULL,
  `item_tax` decimal(25,4) DEFAULT NULL,
  `net_unit_cost` decimal(25,4) DEFAULT NULL,
  `subtotal` decimal(25,4) DEFAULT NULL,
  `quantity_balance` decimal(15,4) NOT NULL,
  `unit_cost` decimal(25,4) DEFAULT NULL,
  `real_unit_cost` decimal(25,4) DEFAULT NULL,
  `date` date DEFAULT NULL,
  `warehouse_id` int(11) DEFAULT NULL,
  `product_unit_id` int(11) DEFAULT NULL,
  `product_unit_code` varchar(10) DEFAULT NULL,
  `unit_quantity` decimal(15,4) NOT NULL,
  `gst` varchar(20) DEFAULT NULL,
  `cgst` decimal(25,4) DEFAULT NULL,
  `sgst` decimal(25,4) DEFAULT NULL,
  `igst` decimal(25,4) DEFAULT NULL
) ENGINE=InnoDB DEFAULT CHARSET=utf8;

-- --------------------------------------------------------

--
-- Table structure for table `sma_units`
--

CREATE TABLE `sma_units` (
  `id` int(11) NOT NULL,
  `code` varchar(10) NOT NULL,
  `name` varchar(55) NOT NULL,
  `base_unit` int(11) DEFAULT NULL,
  `operator` varchar(1) DEFAULT NULL,
  `unit_value` varchar(55) DEFAULT NULL,
  `operation_value` varchar(55) DEFAULT NULL
) ENGINE=InnoDB DEFAULT CHARSET=utf8;

-- --------------------------------------------------------

--
-- Table structure for table `sma_users`
--

CREATE TABLE `sma_users` (
  `id` int(11) UNSIGNED NOT NULL,
  `last_ip_address` varbinary(45) DEFAULT NULL,
  `ip_address` varbinary(45) NOT NULL,
  `username` varchar(100) NOT NULL,
  `password` varchar(40) NOT NULL,
  `salt` varchar(40) DEFAULT NULL,
  `email` varchar(100) NOT NULL,
  `activation_code` varchar(40) DEFAULT NULL,
  `forgotten_password_code` varchar(40) DEFAULT NULL,
  `forgotten_password_time` int(11) UNSIGNED DEFAULT NULL,
  `remember_code` varchar(40) DEFAULT NULL,
  `created_on` int(11) UNSIGNED NOT NULL,
  `last_login` int(11) UNSIGNED DEFAULT NULL,
  `active` tinyint(1) UNSIGNED DEFAULT NULL,
  `first_name` varchar(50) DEFAULT NULL,
  `last_name` varchar(50) DEFAULT NULL,
  `company` varchar(100) DEFAULT NULL,
  `phone` varchar(20) DEFAULT NULL,
  `avatar` varchar(55) DEFAULT NULL,
  `gender` varchar(20) DEFAULT NULL,
  `group_id` int(10) UNSIGNED NOT NULL,
  `warehouse_id` int(10) UNSIGNED DEFAULT NULL,
  `biller_id` int(10) UNSIGNED DEFAULT NULL,
  `company_id` int(11) DEFAULT NULL,
  `show_cost` tinyint(1) DEFAULT 0,
  `show_price` tinyint(1) DEFAULT 0,
  `award_points` int(11) DEFAULT 0,
  `view_right` tinyint(1) NOT NULL DEFAULT 0,
  `edit_right` tinyint(1) NOT NULL DEFAULT 0,
  `allow_discount` tinyint(1) DEFAULT 0
) ENGINE=InnoDB DEFAULT CHARSET=utf8;

--
-- Dumping data for table `sma_users`
--

INSERT INTO `sma_users` (`id`, `last_ip_address`, `ip_address`, `username`, `password`, `salt`, `email`, `activation_code`, `forgotten_password_code`, `forgotten_password_time`, `remember_code`, `created_on`, `last_login`, `active`, `first_name`, `last_name`, `company`, `phone`, `avatar`, `gender`, `group_id`, `warehouse_id`, `biller_id`, `company_id`, `show_cost`, `show_price`, `award_points`, `view_right`, `edit_right`, `allow_discount`) VALUES
(1, 0x34322e3130362e31332e3932, 0x0000, 'owner', '2c8ab736b2ccab4f50e72d5fd7d21020cbb77ae7', NULL, 'owner@tecdiary.com', NULL, NULL, NULL, NULL, 1351661704, 1540719809, 1, 'Owner', 'Owner', 'Stock Manager', '012345678', NULL, 'male', 1, NULL, NULL, NULL, 0, 0, 0, 0, 0, 0),
(2, 0x34322e3131312e33342e323337, 0x3230332e3138372e3233382e3536, 'admin', '12bb9ccf1b41d492928a0065cb1ea0f27f961f69', NULL, 'mayuri.in.us@gmail.com', NULL, NULL, NULL, 'b42016eb354ee283290a757dcb0fc583d6b15228', 1540720806, 1548346194, 1, 'admin', 'demo', 'Technogic', '7600861912', NULL, 'female', 1, 0, 0, NULL, 0, 0, 0, 1, 0, 0);

-- --------------------------------------------------------

--
-- Table structure for table `sma_user_logins`
--

CREATE TABLE `sma_user_logins` (
  `id` int(11) NOT NULL,
  `user_id` int(11) NOT NULL,
  `company_id` int(11) DEFAULT NULL,
  `ip_address` varbinary(16) NOT NULL,
  `login` varchar(100) NOT NULL,
  `time` timestamp NULL DEFAULT current_timestamp()
) ENGINE=InnoDB DEFAULT CHARSET=utf8;

--
-- Dumping data for table `sma_user_logins`
--

INSERT INTO `sma_user_logins` (`id`, `user_id`, `company_id`, `ip_address`, `login`, `time`) VALUES
(1, 1, NULL, 0x3a3a31, 'owner@tecdiary.com', '2018-02-18 04:29:29'),
(2, 1, NULL, 0x3a3a31, 'owner@tecdiary.com', '2018-02-18 05:05:34'),
(3, 1, NULL, 0x3a3a31, 'owner', '2018-10-28 08:28:08'),
(4, 1, NULL, 0x3230332e3138372e3233382e3536, 'owner', '2018-10-28 09:23:37'),
(5, 1, NULL, 0x34322e3130362e31332e3932, 'owner', '2018-10-28 09:43:29'),
(6, 2, NULL, 0x3230332e3138372e3233382e3536, 'admin', '2018-10-28 10:02:20'),
(7, 2, NULL, 0x3231392e39312e3233382e3933, 'admin', '2018-10-29 03:51:32'),
(8, 2, NULL, 0x3231392e39312e3233392e313134, 'admin', '2018-10-30 04:09:25'),
(9, 2, NULL, 0x3231392e39312e3233392e313134, 'admin', '2018-10-30 06:09:31'),
(10, 2, NULL, 0x3231392e39312e3233392e313134, 'admin', '2018-10-30 06:36:52'),
(11, 2, NULL, 0x3132332e3230312e39352e3338, 'admin', '2018-12-06 09:16:49'),
(12, 2, NULL, 0x3130332e3234312e3232352e323532, 'admin', '2019-01-24 06:00:57'),
(13, 2, NULL, 0x34322e3131312e33342e323337, 'admin', '2019-01-24 16:09:54');

-- --------------------------------------------------------

--
-- Table structure for table `sma_variants`
--

CREATE TABLE `sma_variants` (
  `id` int(11) NOT NULL,
  `name` varchar(55) NOT NULL
) ENGINE=InnoDB DEFAULT CHARSET=utf8;

-- --------------------------------------------------------

--
-- Table structure for table `sma_warehouses`
--

CREATE TABLE `sma_warehouses` (
  `id` int(11) NOT NULL,
  `code` varchar(50) NOT NULL,
  `name` varchar(255) NOT NULL,
  `address` varchar(255) NOT NULL,
  `map` varchar(255) DEFAULT NULL,
  `phone` varchar(55) DEFAULT NULL,
  `email` varchar(55) DEFAULT NULL,
  `price_group_id` int(11) DEFAULT NULL
) ENGINE=InnoDB DEFAULT CHARSET=utf8;

--
-- Dumping data for table `sma_warehouses`
--

INSERT INTO `sma_warehouses` (`id`, `code`, `name`, `address`, `map`, `phone`, `email`, `price_group_id`) VALUES
(1, 'WHI', 'Warehouse 1', '<p>Address, City</p>', NULL, '012345678', 'whi@tecdiary.com', NULL),
(2, 'WHII', 'Warehouse 2', '<p>Warehouse 2, Jalan Sultan Ismail, 54000, Kuala Lumpur</p>', NULL, '0105292122', 'whii@tecdiary.com', NULL);

-- --------------------------------------------------------

--
-- Table structure for table `sma_warehouses_products`
--

CREATE TABLE `sma_warehouses_products` (
  `id` int(11) NOT NULL,
  `product_id` int(11) NOT NULL,
  `warehouse_id` int(11) NOT NULL,
  `quantity` decimal(15,4) NOT NULL,
  `rack` varchar(55) DEFAULT NULL,
  `avg_cost` decimal(25,4) NOT NULL
) ENGINE=InnoDB DEFAULT CHARSET=utf8;

-- --------------------------------------------------------

--
-- Table structure for table `sma_warehouses_products_variants`
--

CREATE TABLE `sma_warehouses_products_variants` (
  `id` int(11) NOT NULL,
  `option_id` int(11) NOT NULL,
  `product_id` int(11) NOT NULL,
  `warehouse_id` int(11) NOT NULL,
  `quantity` decimal(15,4) NOT NULL,
  `rack` varchar(55) DEFAULT NULL
) ENGINE=InnoDB DEFAULT CHARSET=utf8;

--
-- Indexes for dumped tables
--

--
-- Indexes for table `sma_addresses`
--
ALTER TABLE `sma_addresses`
  ADD PRIMARY KEY (`id`),
  ADD KEY `company_id` (`company_id`);

--
-- Indexes for table `sma_adjustments`
--
ALTER TABLE `sma_adjustments`
  ADD PRIMARY KEY (`id`),
  ADD KEY `warehouse_id` (`warehouse_id`);

--
-- Indexes for table `sma_adjustment_items`
--
ALTER TABLE `sma_adjustment_items`
  ADD PRIMARY KEY (`id`),
  ADD KEY `adjustment_id` (`adjustment_id`);

--
-- Indexes for table `sma_brands`
--
ALTER TABLE `sma_brands`
  ADD PRIMARY KEY (`id`),
  ADD KEY `name` (`name`);

--
-- Indexes for table `sma_calendar`
--
ALTER TABLE `sma_calendar`
  ADD PRIMARY KEY (`id`);

--
-- Indexes for table `sma_captcha`
--
ALTER TABLE `sma_captcha`
  ADD PRIMARY KEY (`captcha_id`),
  ADD KEY `word` (`word`);

--
-- Indexes for table `sma_categories`
--
ALTER TABLE `sma_categories`
  ADD PRIMARY KEY (`id`),
  ADD KEY `id` (`id`);

--
-- Indexes for table `sma_combo_items`
--
ALTER TABLE `sma_combo_items`
  ADD PRIMARY KEY (`id`);

--
-- Indexes for table `sma_companies`
--
ALTER TABLE `sma_companies`
  ADD PRIMARY KEY (`id`),
  ADD KEY `group_id` (`group_id`),
  ADD KEY `group_id_2` (`group_id`);

--
-- Indexes for table `sma_costing`
--
ALTER TABLE `sma_costing`
  ADD PRIMARY KEY (`id`);

--
-- Indexes for table `sma_currencies`
--
ALTER TABLE `sma_currencies`
  ADD PRIMARY KEY (`id`);

--
-- Indexes for table `sma_customer_groups`
--
ALTER TABLE `sma_customer_groups`
  ADD PRIMARY KEY (`id`);

--
-- Indexes for table `sma_date_format`
--
ALTER TABLE `sma_date_format`
  ADD PRIMARY KEY (`id`);

--
-- Indexes for table `sma_deliveries`
--
ALTER TABLE `sma_deliveries`
  ADD PRIMARY KEY (`id`);

--
-- Indexes for table `sma_deposits`
--
ALTER TABLE `sma_deposits`
  ADD PRIMARY KEY (`id`);

--
-- Indexes for table `sma_expenses`
--
ALTER TABLE `sma_expenses`
  ADD PRIMARY KEY (`id`);

--
-- Indexes for table `sma_expense_categories`
--
ALTER TABLE `sma_expense_categories`
  ADD PRIMARY KEY (`id`),
  ADD KEY `id` (`id`);

--
-- Indexes for table `sma_gift_cards`
--
ALTER TABLE `sma_gift_cards`
  ADD PRIMARY KEY (`id`),
  ADD UNIQUE KEY `card_no` (`card_no`);

--
-- Indexes for table `sma_gift_card_topups`
--
ALTER TABLE `sma_gift_card_topups`
  ADD PRIMARY KEY (`id`),
  ADD KEY `card_id` (`card_id`);

--
-- Indexes for table `sma_groups`
--
ALTER TABLE `sma_groups`
  ADD PRIMARY KEY (`id`);

--
-- Indexes for table `sma_login_attempts`
--
ALTER TABLE `sma_login_attempts`
  ADD PRIMARY KEY (`id`);

--
-- Indexes for table `sma_notifications`
--
ALTER TABLE `sma_notifications`
  ADD PRIMARY KEY (`id`);

--
-- Indexes for table `sma_order_ref`
--
ALTER TABLE `sma_order_ref`
  ADD PRIMARY KEY (`ref_id`);

--
-- Indexes for table `sma_payments`
--
ALTER TABLE `sma_payments`
  ADD PRIMARY KEY (`id`);

--
-- Indexes for table `sma_paypal`
--
ALTER TABLE `sma_paypal`
  ADD PRIMARY KEY (`id`);

--
-- Indexes for table `sma_permissions`
--
ALTER TABLE `sma_permissions`
  ADD PRIMARY KEY (`id`);

--
-- Indexes for table `sma_pos_register`
--
ALTER TABLE `sma_pos_register`
  ADD PRIMARY KEY (`id`);

--
-- Indexes for table `sma_pos_settings`
--
ALTER TABLE `sma_pos_settings`
  ADD PRIMARY KEY (`pos_id`);

--
-- Indexes for table `sma_price_groups`
--
ALTER TABLE `sma_price_groups`
  ADD PRIMARY KEY (`id`),
  ADD KEY `name` (`name`);

--
-- Indexes for table `sma_printers`
--
ALTER TABLE `sma_printers`
  ADD PRIMARY KEY (`id`);

--
-- Indexes for table `sma_products`
--
ALTER TABLE `sma_products`
  ADD PRIMARY KEY (`id`),
  ADD UNIQUE KEY `code` (`code`),
  ADD KEY `category_id` (`category_id`),
  ADD KEY `id` (`id`),
  ADD KEY `id_2` (`id`),
  ADD KEY `category_id_2` (`category_id`),
  ADD KEY `unit` (`unit`),
  ADD KEY `brand` (`brand`);

--
-- Indexes for table `sma_product_photos`
--
ALTER TABLE `sma_product_photos`
  ADD PRIMARY KEY (`id`);

--
-- Indexes for table `sma_product_prices`
--
ALTER TABLE `sma_product_prices`
  ADD PRIMARY KEY (`id`),
  ADD KEY `product_id` (`product_id`),
  ADD KEY `price_group_id` (`price_group_id`);

--
-- Indexes for table `sma_product_variants`
--
ALTER TABLE `sma_product_variants`
  ADD PRIMARY KEY (`id`);

--
-- Indexes for table `sma_purchases`
--
ALTER TABLE `sma_purchases`
  ADD PRIMARY KEY (`id`),
  ADD KEY `id` (`id`);

--
-- Indexes for table `sma_purchase_items`
--
ALTER TABLE `sma_purchase_items`
  ADD PRIMARY KEY (`id`),
  ADD KEY `purchase_id` (`purchase_id`),
  ADD KEY `product_id` (`product_id`);

--
-- Indexes for table `sma_quotes`
--
ALTER TABLE `sma_quotes`
  ADD PRIMARY KEY (`id`),
  ADD KEY `id` (`id`);

--
-- Indexes for table `sma_quote_items`
--
ALTER TABLE `sma_quote_items`
  ADD PRIMARY KEY (`id`),
  ADD KEY `quote_id` (`quote_id`),
  ADD KEY `product_id` (`product_id`);

--
-- Indexes for table `sma_returns`
--
ALTER TABLE `sma_returns`
  ADD PRIMARY KEY (`id`),
  ADD KEY `id` (`id`);

--
-- Indexes for table `sma_return_items`
--
ALTER TABLE `sma_return_items`
  ADD PRIMARY KEY (`id`),
  ADD KEY `return_id` (`return_id`),
  ADD KEY `product_id` (`product_id`),
  ADD KEY `product_id_2` (`product_id`,`return_id`),
  ADD KEY `return_id_2` (`return_id`,`product_id`);

--
-- Indexes for table `sma_sales`
--
ALTER TABLE `sma_sales`
  ADD PRIMARY KEY (`id`),
  ADD KEY `id` (`id`);

--
-- Indexes for table `sma_sale_items`
--
ALTER TABLE `sma_sale_items`
  ADD PRIMARY KEY (`id`),
  ADD KEY `sale_id` (`sale_id`),
  ADD KEY `product_id` (`product_id`),
  ADD KEY `product_id_2` (`product_id`,`sale_id`),
  ADD KEY `sale_id_2` (`sale_id`,`product_id`);

--
-- Indexes for table `sma_sessions`
--
ALTER TABLE `sma_sessions`
  ADD PRIMARY KEY (`id`),
  ADD KEY `ci_sessions_timestamp` (`timestamp`);

--
-- Indexes for table `sma_settings`
--
ALTER TABLE `sma_settings`
  ADD PRIMARY KEY (`setting_id`);

--
-- Indexes for table `sma_skrill`
--
ALTER TABLE `sma_skrill`
  ADD PRIMARY KEY (`id`);

--
-- Indexes for table `sma_stock_counts`
--
ALTER TABLE `sma_stock_counts`
  ADD PRIMARY KEY (`id`),
  ADD KEY `warehouse_id` (`warehouse_id`);

--
-- Indexes for table `sma_stock_count_items`
--
ALTER TABLE `sma_stock_count_items`
  ADD PRIMARY KEY (`id`),
  ADD KEY `stock_count_id` (`stock_count_id`),
  ADD KEY `product_id` (`product_id`);

--
-- Indexes for table `sma_suspended_bills`
--
ALTER TABLE `sma_suspended_bills`
  ADD PRIMARY KEY (`id`);

--
-- Indexes for table `sma_suspended_items`
--
ALTER TABLE `sma_suspended_items`
  ADD PRIMARY KEY (`id`);

--
-- Indexes for table `sma_tax_rates`
--
ALTER TABLE `sma_tax_rates`
  ADD PRIMARY KEY (`id`);

--
-- Indexes for table `sma_transfers`
--
ALTER TABLE `sma_transfers`
  ADD PRIMARY KEY (`id`),
  ADD KEY `id` (`id`);

--
-- Indexes for table `sma_transfer_items`
--
ALTER TABLE `sma_transfer_items`
  ADD PRIMARY KEY (`id`),
  ADD KEY `transfer_id` (`transfer_id`),
  ADD KEY `product_id` (`product_id`);

--
-- Indexes for table `sma_units`
--
ALTER TABLE `sma_units`
  ADD PRIMARY KEY (`id`),
  ADD KEY `base_unit` (`base_unit`);

--
-- Indexes for table `sma_users`
--
ALTER TABLE `sma_users`
  ADD PRIMARY KEY (`id`),
  ADD KEY `group_id` (`group_id`,`warehouse_id`,`biller_id`),
  ADD KEY `group_id_2` (`group_id`,`company_id`);

--
-- Indexes for table `sma_user_logins`
--
ALTER TABLE `sma_user_logins`
  ADD PRIMARY KEY (`id`);

--
-- Indexes for table `sma_variants`
--
ALTER TABLE `sma_variants`
  ADD PRIMARY KEY (`id`);

--
-- Indexes for table `sma_warehouses`
--
ALTER TABLE `sma_warehouses`
  ADD PRIMARY KEY (`id`),
  ADD KEY `id` (`id`);

--
-- Indexes for table `sma_warehouses_products`
--
ALTER TABLE `sma_warehouses_products`
  ADD PRIMARY KEY (`id`),
  ADD KEY `product_id` (`product_id`),
  ADD KEY `warehouse_id` (`warehouse_id`);

--
-- Indexes for table `sma_warehouses_products_variants`
--
ALTER TABLE `sma_warehouses_products_variants`
  ADD PRIMARY KEY (`id`),
  ADD KEY `option_id` (`option_id`),
  ADD KEY `product_id` (`product_id`),
  ADD KEY `warehouse_id` (`warehouse_id`);

--
-- AUTO_INCREMENT for dumped tables
--

--
-- AUTO_INCREMENT for table `sma_addresses`
--
ALTER TABLE `sma_addresses`
  MODIFY `id` int(11) NOT NULL AUTO_INCREMENT;

--
-- AUTO_INCREMENT for table `sma_adjustments`
--
ALTER TABLE `sma_adjustments`
  MODIFY `id` int(11) NOT NULL AUTO_INCREMENT;

--
-- AUTO_INCREMENT for table `sma_adjustment_items`
--
ALTER TABLE `sma_adjustment_items`
  MODIFY `id` int(11) NOT NULL AUTO_INCREMENT;

--
-- AUTO_INCREMENT for table `sma_brands`
--
ALTER TABLE `sma_brands`
  MODIFY `id` int(11) NOT NULL AUTO_INCREMENT;

--
-- AUTO_INCREMENT for table `sma_calendar`
--
ALTER TABLE `sma_calendar`
  MODIFY `id` int(11) NOT NULL AUTO_INCREMENT, AUTO_INCREMENT=2;

--
-- AUTO_INCREMENT for table `sma_captcha`
--
ALTER TABLE `sma_captcha`
  MODIFY `captcha_id` bigint(13) UNSIGNED NOT NULL AUTO_INCREMENT;

--
-- AUTO_INCREMENT for table `sma_categories`
--
ALTER TABLE `sma_categories`
  MODIFY `id` int(11) NOT NULL AUTO_INCREMENT, AUTO_INCREMENT=2;

--
-- AUTO_INCREMENT for table `sma_combo_items`
--
ALTER TABLE `sma_combo_items`
  MODIFY `id` int(11) NOT NULL AUTO_INCREMENT;

--
-- AUTO_INCREMENT for table `sma_companies`
--
ALTER TABLE `sma_companies`
  MODIFY `id` int(11) NOT NULL AUTO_INCREMENT, AUTO_INCREMENT=4;

--
-- AUTO_INCREMENT for table `sma_costing`
--
ALTER TABLE `sma_costing`
  MODIFY `id` int(11) NOT NULL AUTO_INCREMENT;

--
-- AUTO_INCREMENT for table `sma_currencies`
--
ALTER TABLE `sma_currencies`
  MODIFY `id` int(11) NOT NULL AUTO_INCREMENT, AUTO_INCREMENT=3;

--
-- AUTO_INCREMENT for table `sma_customer_groups`
--
ALTER TABLE `sma_customer_groups`
  MODIFY `id` int(11) NOT NULL AUTO_INCREMENT, AUTO_INCREMENT=5;

--
-- AUTO_INCREMENT for table `sma_date_format`
--
ALTER TABLE `sma_date_format`
  MODIFY `id` int(11) NOT NULL AUTO_INCREMENT, AUTO_INCREMENT=7;

--
-- AUTO_INCREMENT for table `sma_deliveries`
--
ALTER TABLE `sma_deliveries`
  MODIFY `id` int(11) NOT NULL AUTO_INCREMENT;

--
-- AUTO_INCREMENT for table `sma_deposits`
--
ALTER TABLE `sma_deposits`
  MODIFY `id` int(11) NOT NULL AUTO_INCREMENT;

--
-- AUTO_INCREMENT for table `sma_expenses`
--
ALTER TABLE `sma_expenses`
  MODIFY `id` int(11) NOT NULL AUTO_INCREMENT;

--
-- AUTO_INCREMENT for table `sma_expense_categories`
--
ALTER TABLE `sma_expense_categories`
  MODIFY `id` int(11) NOT NULL AUTO_INCREMENT;

--
-- AUTO_INCREMENT for table `sma_gift_cards`
--
ALTER TABLE `sma_gift_cards`
  MODIFY `id` int(11) NOT NULL AUTO_INCREMENT;

--
-- AUTO_INCREMENT for table `sma_gift_card_topups`
--
ALTER TABLE `sma_gift_card_topups`
  MODIFY `id` int(11) NOT NULL AUTO_INCREMENT;

--
-- AUTO_INCREMENT for table `sma_groups`
--
ALTER TABLE `sma_groups`
  MODIFY `id` mediumint(8) UNSIGNED NOT NULL AUTO_INCREMENT, AUTO_INCREMENT=7;

--
-- AUTO_INCREMENT for table `sma_login_attempts`
--
ALTER TABLE `sma_login_attempts`
  MODIFY `id` mediumint(8) UNSIGNED NOT NULL AUTO_INCREMENT, AUTO_INCREMENT=7;

--
-- AUTO_INCREMENT for table `sma_notifications`
--
ALTER TABLE `sma_notifications`
  MODIFY `id` int(11) NOT NULL AUTO_INCREMENT, AUTO_INCREMENT=2;

--
-- AUTO_INCREMENT for table `sma_order_ref`
--
ALTER TABLE `sma_order_ref`
  MODIFY `ref_id` int(11) NOT NULL AUTO_INCREMENT, AUTO_INCREMENT=2;

--
-- AUTO_INCREMENT for table `sma_payments`
--
ALTER TABLE `sma_payments`
  MODIFY `id` int(11) NOT NULL AUTO_INCREMENT;

--
-- AUTO_INCREMENT for table `sma_permissions`
--
ALTER TABLE `sma_permissions`
  MODIFY `id` int(11) NOT NULL AUTO_INCREMENT, AUTO_INCREMENT=3;

--
-- AUTO_INCREMENT for table `sma_pos_register`
--
ALTER TABLE `sma_pos_register`
  MODIFY `id` int(11) NOT NULL AUTO_INCREMENT;

--
-- AUTO_INCREMENT for table `sma_price_groups`
--
ALTER TABLE `sma_price_groups`
  MODIFY `id` int(11) NOT NULL AUTO_INCREMENT, AUTO_INCREMENT=2;

--
-- AUTO_INCREMENT for table `sma_printers`
--
ALTER TABLE `sma_printers`
  MODIFY `id` int(11) NOT NULL AUTO_INCREMENT;

--
-- AUTO_INCREMENT for table `sma_products`
--
ALTER TABLE `sma_products`
  MODIFY `id` int(11) NOT NULL AUTO_INCREMENT;

--
-- AUTO_INCREMENT for table `sma_product_photos`
--
ALTER TABLE `sma_product_photos`
  MODIFY `id` int(11) NOT NULL AUTO_INCREMENT;

--
-- AUTO_INCREMENT for table `sma_product_prices`
--
ALTER TABLE `sma_product_prices`
  MODIFY `id` int(11) NOT NULL AUTO_INCREMENT;

--
-- AUTO_INCREMENT for table `sma_product_variants`
--
ALTER TABLE `sma_product_variants`
  MODIFY `id` int(11) NOT NULL AUTO_INCREMENT;

--
-- AUTO_INCREMENT for table `sma_purchases`
--
ALTER TABLE `sma_purchases`
  MODIFY `id` int(11) NOT NULL AUTO_INCREMENT;

--
-- AUTO_INCREMENT for table `sma_purchase_items`
--
ALTER TABLE `sma_purchase_items`
  MODIFY `id` int(11) NOT NULL AUTO_INCREMENT;

--
-- AUTO_INCREMENT for table `sma_quotes`
--
ALTER TABLE `sma_quotes`
  MODIFY `id` int(11) NOT NULL AUTO_INCREMENT;

--
-- AUTO_INCREMENT for table `sma_quote_items`
--
ALTER TABLE `sma_quote_items`
  MODIFY `id` int(11) NOT NULL AUTO_INCREMENT;

--
-- AUTO_INCREMENT for table `sma_returns`
--
ALTER TABLE `sma_returns`
  MODIFY `id` int(11) NOT NULL AUTO_INCREMENT;

--
-- AUTO_INCREMENT for table `sma_return_items`
--
ALTER TABLE `sma_return_items`
  MODIFY `id` int(11) NOT NULL AUTO_INCREMENT;

--
-- AUTO_INCREMENT for table `sma_sales`
--
ALTER TABLE `sma_sales`
  MODIFY `id` int(11) NOT NULL AUTO_INCREMENT;

--
-- AUTO_INCREMENT for table `sma_sale_items`
--
ALTER TABLE `sma_sale_items`
  MODIFY `id` int(11) NOT NULL AUTO_INCREMENT;

--
-- AUTO_INCREMENT for table `sma_stock_counts`
--
ALTER TABLE `sma_stock_counts`
  MODIFY `id` int(11) NOT NULL AUTO_INCREMENT;

--
-- AUTO_INCREMENT for table `sma_stock_count_items`
--
ALTER TABLE `sma_stock_count_items`
  MODIFY `id` int(11) NOT NULL AUTO_INCREMENT;

--
-- AUTO_INCREMENT for table `sma_suspended_bills`
--
ALTER TABLE `sma_suspended_bills`
  MODIFY `id` int(11) NOT NULL AUTO_INCREMENT;

--
-- AUTO_INCREMENT for table `sma_suspended_items`
--
ALTER TABLE `sma_suspended_items`
  MODIFY `id` int(11) NOT NULL AUTO_INCREMENT;

--
-- AUTO_INCREMENT for table `sma_tax_rates`
--
ALTER TABLE `sma_tax_rates`
  MODIFY `id` int(11) NOT NULL AUTO_INCREMENT, AUTO_INCREMENT=5;

--
-- AUTO_INCREMENT for table `sma_transfers`
--
ALTER TABLE `sma_transfers`
  MODIFY `id` int(11) NOT NULL AUTO_INCREMENT;

--
-- AUTO_INCREMENT for table `sma_transfer_items`
--
ALTER TABLE `sma_transfer_items`
  MODIFY `id` int(11) NOT NULL AUTO_INCREMENT;

--
-- AUTO_INCREMENT for table `sma_units`
--
ALTER TABLE `sma_units`
  MODIFY `id` int(11) NOT NULL AUTO_INCREMENT;

--
-- AUTO_INCREMENT for table `sma_users`
--
ALTER TABLE `sma_users`
  MODIFY `id` int(11) UNSIGNED NOT NULL AUTO_INCREMENT, AUTO_INCREMENT=3;

--
-- AUTO_INCREMENT for table `sma_user_logins`
--
ALTER TABLE `sma_user_logins`
  MODIFY `id` int(11) NOT NULL AUTO_INCREMENT, AUTO_INCREMENT=14;

--
-- AUTO_INCREMENT for table `sma_variants`
--
ALTER TABLE `sma_variants`
  MODIFY `id` int(11) NOT NULL AUTO_INCREMENT;

--
-- AUTO_INCREMENT for table `sma_warehouses`
--
ALTER TABLE `sma_warehouses`
  MODIFY `id` int(11) NOT NULL AUTO_INCREMENT, AUTO_INCREMENT=3;

--
-- AUTO_INCREMENT for table `sma_warehouses_products`
--
ALTER TABLE `sma_warehouses_products`
  MODIFY `id` int(11) NOT NULL AUTO_INCREMENT;

--
-- AUTO_INCREMENT for table `sma_warehouses_products_variants`
--
ALTER TABLE `sma_warehouses_products_variants`
  MODIFY `id` int(11) NOT NULL AUTO_INCREMENT;
COMMIT;

/*!40101 SET CHARACTER_SET_CLIENT=@OLD_CHARACTER_SET_CLIENT */;
/*!40101 SET CHARACTER_SET_RESULTS=@OLD_CHARACTER_SET_RESULTS */;
/*!40101 SET COLLATION_CONNECTION=@OLD_COLLATION_CONNECTION */;
