<?xml version="1.0"?>
<config>
    <acl>
        <resources>
            <all>
                <title>Allow Everything</title>
            </all>
            <admin>
                <children>
                    <system>
                        <children>
                            <config>
                                <children>
									<themesetting translate="title" module="themesetting">
										<title>Theme Admin</title>
										<sort_order>1</sort_order> 
                                    </themesetting>
                                    <themesetting_design translate="title" module="themesetting">
										<title>Theme Design</title>
										<sort_order>1</sort_order> 
                                    </themesetting_design>
                                </children>
                            </config>
                        </children>
                    </system>
                </children>
            </admin>
        </resources>
    </acl>
</config>