<?xml version="1.0"?>
<config>
    <acl>
        <resources>
            <all>
                <title>Allow Everything</title>
            </all>
            <admin>
                <children>
                    <system>
                        <children>
                            <config>
                                <children>
									<ultraslideshow translate="title" module="ultraslideshow">
										<title>Slideshow</title>
										<sort_order>1</sort_order> 
                                    </ultraslideshow>
                                </children>
                            </config>
                        </children>
                    </system>
                </children>
            </admin>
        </resources>
    </acl>
</config>